,owner,origen,weapon,platform,total,number,Status,url,primary_key,Date
129,RU,['the Soviet Union'],Tanks,T-64BV,76,42,['destroyed'],https://twitter.com/UAWeapons/status/1658805354853957635,_b60a01e80d3342183f15,21/05/2023
154,RU,['the Soviet Union'],Tanks,T-64BV,76,5,"['damaged', 'abandoned']",https://i.postimg.cc/Dyzd0W42/1016-64-BV-and-72-B-dam-aband-19-10-23.jpg,_c8a0820210c8fb8dce5e,05/11/2023
312,RU,['the Soviet Union'],Tanks,T-72B,325,96,['destroyed'],https://i.postimg.cc/gjvnW3xc/1006-t72b.jpg,_3526437fbebcb958d599,30/08/2022
386,RU,['the Soviet Union'],Tanks,T-72B,325,170,['destroyed'],https://i.postimg.cc/cCWRbCcR/1008-t72b-bmp1-destr-25-04-23.jpg,_25ee8b1ba1e29a073775,27/04/2023
430,RU,['the Soviet Union'],Tanks,T-72B,325,214,['destroyed'],https://twitter.com/naalsio26/status/1716126930477428823,_4aca4502e5188a283efc,24/10/2023
431,RU,['the Soviet Union'],Tanks,T-72B,325,215,['destroyed'],https://i.postimg.cc/SxN0MQHj/1007-t72b-destr-23-10-23.jpg,_e861b3a0b9ec8317bcf5,24/10/2023
432,RU,['the Soviet Union'],Tanks,T-72B,325,216,['destroyed'],https://i.postimg.cc/fTrFfzfp/1004-T-72-B3-T-72-B-destr-01-11-23.jpg,_925076b07e4f8c8747bc,02/11/2023
451,RU,['the Soviet Union'],Tanks,T-72B,325,12,"['damaged', 'abandoned']",https://twitter.com/UAWeapons/status/1625086988779937792,_731b84c9c5b5093dc4f4,14/02/2023
458,RU,['the Soviet Union'],Tanks,T-72B,325,19,"['damaged', 'abandoned']",https://twitter.com/UAWeapons/status/1689240998394671104,_2a901c4209eec5a213f9,11/08/2023
459,RU,['the Soviet Union'],Tanks,T-72B,325,20,"['damaged', 'abandoned']",https://i.postimg.cc/sDWVkfG0/4477.png,_b99edd6713de05d0ac5a,29/08/2023
460,RU,['the Soviet Union'],Tanks,T-72B,325,21,"['damaged', 'abandoned']",https://i.postimg.cc/KvgcN12R/3786.png,_e45280f1919cc14b5c68,10/09/2023
461,RU,['the Soviet Union'],Tanks,T-72B,325,22,['abandoned'],https://i.postimg.cc/ydjpgsNf/1027-t72b-aband.jpg,_6f442c8f99caa5ae2243,02/11/2023
462,RU,['the Soviet Union'],Tanks,T-72B,325,23,['abandoned'],https://i.postimg.cc/SKWv4Wbb/1026-t72bobr22022-destr-t72b-brem1-mtlb-aband-31-10-23.jpg,_b53ea7d978d9823bc15b,02/11/2023
463,RU,['the Soviet Union'],Tanks,T-72B,325,24,"['damaged', 'abandoned']",https://i.postimg.cc/Dyzd0W42/1016-64-BV-and-72-B-dam-aband-19-10-23.jpg,_3f8bbcf615d5d6b37aed,05/11/2023
574,RU,['the Soviet Union'],Tanks,T-72B Obr. 1989,96,41,['destroyed'],https://i.postimg.cc/ZKX1sWqV/331.png,_1fdf69ab52f815acd4e6,25/05/2022
596,RU,['the Soviet Union'],Tanks,T-72B Obr. 1989,96,63,['destroyed'],https://i.postimg.cc/RFWcX8J9/1020-72-B-obr-1989-destr-30-11-22.jpg,_c3411629fd180c7ca05e,14/10/2023
641,RU,['Russia'],Tanks,T-72B Obr. 2022,28,13,['destroyed'],https://i.postimg.cc/j5r4SZP9/1010-t72bobr2022-destr-02-11-23.jpg,_07950f1354c5e9604d72,05/11/2023
642,RU,['Russia'],Tanks,T-72B Obr. 2022,28,14,['destroyed'],https://i.postimg.cc/FRggd3xK/1009-t72bobr2022-and-bmp2-destr-02-11-23.jpg,_3e47f94a2b461925a687,05/11/2023
651,RU,['Russia'],Tanks,T-72B Obr. 2022,28,8,"['damaged', 'abandoned']",https://i.postimg.cc/k4cKX9n6/1032-t72bobr2022-and-3x-mtlb-dam-aband-05-11-23.jpg,_8718bd1f4d93f3a84750,05/11/2023
722,RU,['Russia'],Tanks,T-72B3,354,42,['destroyed'],https://postimg.cc/62Y8kj5j,_39204f122fb468ee6f9c,07/05/2022
730,RU,['Russia'],Tanks,T-72B3,354,50,['destroyed'],https://i.postimg.cc/wxX1Pr3p/438.png,_67780505a92921408b58,22/05/2022
760,RU,['Russia'],Tanks,T-72B3,354,80,['destroyed'],https://i.postimg.cc/x8Lh6m9T/1000-t72b3.jpg,_39bf375a33d7315ba461,28/08/2022
788,RU,['Russia'],Tanks,T-72B3,354,108,['destroyed'],https://postlmg.cc/B8s41g1Z,_90698fc544583f36acab,11/04/2023
898,RU,['Russia'],Tanks,T-72B3,354,218,['destroyed'],https://i.postimg.cc/4Ndqc7Vp/1009-T-80-BVM-BTR-80-MT-LB-T-72-B3-and-Ural-4320-destr-24-11-22.jpg,_2587cb6153ee32c0f33d,02/11/2023
899,RU,['Russia'],Tanks,T-72B3,354,219,['destroyed'],https://i.postimg.cc/tTyFj7HG/1029-72-B3-destr-04-11-23.jpg,_f7328258dab08ef4f916,05/11/2023
1045,RU,['Russia'],Tanks,T-72B3 Obr. 2016,249,14,['destroyed'],https://i.postimg.cc/DwB9FktZ/479p.png,_8f0b7836d632a9c45b50,08/03/2022
1164,RU,['Russia'],Tanks,T-72B3 Obr. 2016,249,134,['destroyed'],https://i.postimg.cc/KcfDm7zq/1007-t72b3obr2016-destr-unkn-t72-dam-aband-02-11-23.jpg,_ec23a5a6e1b5e8c2361e,05/11/2023
1204,RU,['Russia'],Tanks,T-72B3 Obr. 2016,249,32,['captured'],https://i.postimg.cc/vTwPKBMC/5n.png,_f9628e681125ff8358c8,28/03/2022
1229,RU,['Russia'],Tanks,T-72B3 Obr. 2016,249,57,['captured'],https://i.postimg.cc/CKhm2Jgk/1003-t72b3-2016.jpg,_f4e1fcf74a71a6b5e835,05/09/2022
1276,RU,['Russia'],Tanks,T-72B3 Obr. 2016,249,104,['captured'],https://i.postimg.cc/SxxSvW8Z/1004-t72b3.jpg,_522b2b17787f15436c43,17/09/2022
1277,RU,['Russia'],Tanks,T-72B3 Obr. 2016,249,105,['captured'],https://twitter.com/naalsio26/status/1681970718911676417,_299ce6363b9c37a68639,21/07/2023
1311,RU,['Russia'],Tanks,Unknown T-72,148,17,['destroyed'],https://twitter.com/UAWeapons/status/1524129863447285761,_fbfa8abac68f76b12430,11/05/2022
1321,RU,['Russia'],Tanks,Unknown T-72,148,27,['destroyed'],https://i.postimg.cc/cLg02zbz/7663.jpg,_cfff07c63d51b91d7113,01/06/2022
1356,RU,['Russia'],Tanks,Unknown T-72,148,62,['destroyed'],https://twitter.com/UAWeapons/status/1578063068721971200,_f2ef6e9f7b00433cb7a4,06/10/2022
1396,RU,['Russia'],Tanks,Unknown T-72,148,102,['destroyed'],https://i.postimg.cc/Yq0nZP1v/1034-unkn-t72-destr-11-10-23.jpg,_0a7297a52a59b33dd25a,11/10/2023
1397,RU,['Russia'],Tanks,Unknown T-72,148,103,['destroyed'],https://i.postimg.cc/8cqVFffn/1013-unknown-t72-destr-20-10-23.jpg,_b214ed20b8be78040aa6,21/10/2023
1399,RU,['Russia'],Tanks,Unknown T-72,148,105,['destroyed'],https://i.postimg.cc/0QXvsBkv/1014-2x-unknown-t72-destr-20-10-23.jpg,_33a79d703675148da8ea,21/10/2023
1400,RU,['Russia'],Tanks,Unknown T-72,148,106,['destroyed'],https://i.postimg.cc/MHcSKmHQ/1021-unkn-t72-destr-19-10-23.jpg,_bdbd520352fc08e29294,21/10/2023
1401,RU,['Russia'],Tanks,Unknown T-72,148,107,['destroyed'],https://i.postimg.cc/wTzY9QVX/1009-unkn-t72-destr-23-10-23.jpg,_9a92bcd68d2077e67de2,24/10/2023
1402,RU,['Russia'],Tanks,Unknown T-72,148,108,['destroyed'],https://i.postimg.cc/BnPqJwzg/1035-unkn-t72-destr-21-10-23.jpg,_40b7d19727dec501140a,25/10/2023
1403,RU,['Russia'],Tanks,Unknown T-72,148,109,['destroyed'],https://i.postimg.cc/FsFwT9Sb/1031-unkn-T-72-destr-12-10-23.jpg,_0e3cadc41a7b1c0bdd7c,28/10/2023
1404,RU,['Russia'],Tanks,Unknown T-72,148,110,['destroyed'],https://i.postimg.cc/qMZc3k22/1008-unkn-t72-destr-02-11-23.jpg,_2c666a64ec3cb1bd06c3,05/11/2023
1480,RU,['the Soviet Union'],Tanks,T-80BV,440,48,['destroyed'],https://i.postimg.cc/GtSjVwcD/1003-Destroyed-T-80-BV.jpg,_91916c3c106a7c82182d,29/09/2022
1505,RU,['the Soviet Union'],Tanks,T-80BV,440,73,['destroyed'],https://i.postimg.cc/76cyMGgg/1000-unkn-t72-destr.jpg,_3539f5ae62158d6daba6,18/10/2022
1570,RU,['the Soviet Union'],Tanks,T-80BV,440,138,['destroyed'],https://i.postimg.cc/W47YvJ2Q/1035-t80bv-destr-13-03-23.png,_eb8fa8aa661d0c48fa64,15/03/2023
1584,RU,['the Soviet Union'],Tanks,T-80BV,440,152,['destroyed'],https://i.postimg.cc/zDjPBByk/66y6.png,_483c04b35b7bf448de67,17/04/2023
1718,RU,['the Soviet Union'],Tanks,T-80BV,440,286,['destroyed'],https://i.postimg.cc/hGnXJwZ9/1041-t80bv-destr-30-11-22.jpg,_4a82067eacccff42ff8d,05/11/2023
1759,RU,['the Soviet Union'],Tanks,T-80BV,440,22,['abandoned'],https://twitter.com/UAWeapons/status/1630135537750142977,_f2f56d4a26431ecbd184,28/02/2023
1771,RU,['the Soviet Union'],Tanks,T-80BV,440,34,['abandoned'],https://i.postimg.cc/tCm7DKvx/1031-t80bv-aband-23-07-23.jpg,_5852c68d982159cb379b,20/08/2023
1772,RU,['the Soviet Union'],Tanks,T-80BV,440,35,['abandoned'],https://i.postimg.cc/kgdZnvTF/1501-t80bv-dam-aband-20-08-23.jpg,_f173dc598abdbc0495ef,26/08/2023
1773,RU,['the Soviet Union'],Tanks,T-80BV,440,36,"['damaged', 'abandoned']",https://i.postimg.cc/8zDZ4M2t/1000-T-80-BV-Dam-Aband-05-10-23.jpg,_1cd47f474be402249725,09/10/2023
1774,RU,['the Soviet Union'],Tanks,T-80BV,440,37,"['damaged', 'abandoned']",https://i.postimg.cc/50gJPcHx/1019-mtlb-destr-t80bv-dam-aband-22-10-23.jpg,_3901594a89beea66f114,25/10/2023
1775,RU,['the Soviet Union'],Tanks,T-80BV,440,38,"['damaged', 'abandoned']",https://i.postimg.cc/qMzDqfHL/1034-1x-t72b3-1x-t80bv-2x-unkn-tank-destr-1x-t80bv-aband-31-10-23.jpg,_92a70fe31a7989f9317c,02/11/2023
1776,RU,['the Soviet Union'],Tanks,T-80BV,440,39,"['damaged', 'abandoned']",https://i.postimg.cc/kGjHZq3V/1018-2x-t80bv-1x-destr-1x-dam-aband-31-10-23.jpg,_c8576a048441b6a3c209,02/11/2023
1910,RU,['Russia'],Tanks,T-80U,98,1,['abandoned'],https://i.postimg.cc/yYRCdvZV/1500-t80u.jpg,_2cddd61772f47fa15370,21/08/2022
1911,RU,['Russia'],Tanks,T-80U,98,2,['abandoned'],https://i.postimg.cc/MGTLkhhC/655.jpg,_810c9b3b82a42c4d0eb5,24/04/2022
1912,RU,['Russia'],Tanks,T-80U,98,3,['abandoned'],https://i.postimg.cc/6pZrMGJj/5554.png,_d41677222d2050904682,01/03/2022
1913,RU,['Russia'],Tanks,T-80U,98,4,['abandoned'],https://i.postimg.cc/fT1zwVth/l2.png,_57c67f60d88bf5f7896b,01/03/2022
1914,RU,['Russia'],Tanks,T-80U,98,6,['abandoned'],https://i.postimg.cc/sf47Cvsh/76.jpg,_5c87c0c199bba1f3358e,24/04/2022
2087,RU,['Russia'],Tanks,Unknown T-80,11,1,['abandoned'],https://i.postimg.cc/65bxy8wG/8j.png,_961434fe0c4bdcd86fc3,13/05/2022
2088,RU,['Russia'],Tanks,Unknown T-80,11,2,"['damaged', 'abandoned']",https://i.postimg.cc/c1RSYb7Q/1005-16-10-23.jpg,_cd549163a48c15481e59,17/10/2023
2195,RU,['Russia'],Tanks,Unknown tank,301,15,['destroyed'],https://twitter.com/UAWeapons/status/1569621227542642691,_79a53a379e3b9b3a0cd4,13/09/2022
2245,RU,['Russia'],Tanks,Unknown tank,301,65,['destroyed'],https://twitter.com/UAWeapons/status/1545728233173286913,_dda6e8b4ceebba24cd41,09/07/2022
2259,RU,['Russia'],Tanks,Unknown tank,301,79,['destroyed'],https://twitter.com/UAWeapons/status/1554872804365025282,_24bc3113a804dea36bfe,03/08/2022
2279,RU,['Russia'],Tanks,Unknown tank,301,99,['destroyed'],https://twitter.com/UAWeapons/status/1563175738022326272,_a91b789e1c17de6c9952,27/08/2022
2422,RU,['Russia'],Tanks,Unknown tank,301,242,['destroyed'],https://i.postimg.cc/t4c6P5FH/1008-unkn-tank-destr-16-10-23.png,_51e9152d9f8ac56d9f6b,17/10/2023
2424,RU,['Russia'],Tanks,Unknown tank,301,244,['destroyed'],https://i.postimg.cc/qMzDqfHL/1034-1x-t72b3-1x-t80bv-2x-unkn-tank-destr-1x-t80bv-aband-31-10-23.jpg,_855910742123e63bc483,02/11/2023
2425,RU,['Russia'],Tanks,Unknown tank,301,245,['destroyed'],https://i.postimg.cc/L4vGhBYH/1019-unkn-tank-destr-31-10-23.jpg,_0613538ffa73952aa4ca,02/11/2023
2426,RU,['Russia'],Tanks,Unknown tank,301,246,['destroyed'],https://i.postimg.cc/SRR2SMT3/1040-1x-unkn-tank-destr-2x-bmp1-dam-aband-04-11-23.jpg,_4a0373126fea3c7f5cb1,05/11/2023
2427,RU,['Russia'],Tanks,Unknown tank,301,247,['destroyed'],https://i.postimg.cc/Wp5gB2Wx/1033-unkn-tank-destr-19-10-23.jpg,_4e2dc4d250cd6a77b231,05/11/2023
2436,RU,['Russia'],Tanks,Unknown tank,301,9,['damaged'],https://twitter.com/UAWeapons/status/1593253796855001093,_c3f49d5df86e490d24d7,17/11/2022
2439,RU,['Russia'],Tanks,Unknown tank,301,12,['damaged'],https://i.postimg.cc/mkr5X8Cn/1022-unkn-tank-dam-16-01-23.jpg,_8687fcc435c2300755b5,19/01/2023
2451,RU,['Russia'],Tanks,Unknown tank,301,24,['damaged'],https://i.postimg.cc/6TJJTbQf/1015-unkn-tank-dam-07-07-23.jpg,_47862ee2a62f3a426f71,08/07/2023
2452,RU,['Russia'],Tanks,Unknown tank,301,25,['damaged'],https://i.postimg.cc/DZRMmPFy/1042-unkn-tank-dam-08-10-23.jpg,_084bdd940bed5b20f9ce,08/10/2023
2460,RU,['Russia'],Tanks,Unknown tank,301,8,"['damaged', 'abandoned']",https://i.postimg.cc/g0JBYvSX/443f.png,_792a1394fc8f5d75fb2c,03/04/2023
2899,RU,['the Soviet Union'],Armoured Fighting Vehicles,MT-LB,535,32,"['damaged', 'abandoned']",https://i.postimg.cc/k4cKX9n6/1032-t72bobr2022-and-3x-mtlb-dam-aband-05-11-23.jpg,_74f84ffb9e6b73af5292,05/11/2023
2900,RU,['the Soviet Union'],Armoured Fighting Vehicles,MT-LB,535,33,"['damaged', 'abandoned']",https://i.postimg.cc/k4cKX9n6/1032-t72bobr2022-and-3x-mtlb-dam-aband-05-11-23.jpg,_9a175557e86b6651f0b9,05/11/2023
2901,RU,['the Soviet Union'],Armoured Fighting Vehicles,MT-LB,535,34,"['damaged', 'abandoned']",https://i.postimg.cc/k4cKX9n6/1032-t72bobr2022-and-3x-mtlb-dam-aband-05-11-23.jpg,_38f1aba1a8e994e94f45,05/11/2023
3249,RU,['the Soviet Union'],Armoured Fighting Vehicles,MT-LB with ZU-23 AA gun,37,1,['abandoned'],https://i.postimg.cc/8kynTp9c/1030-unkn-t72-and-MT-LB-with-ZU-23-aband-31-10-23.jpg,_5c6e8dc8cad68aaec546,02/11/2023
3940,RU,['the Soviet Union'],Infantry Fighting Vehicles,BMP-1(P),556,9,['abandoned'],https://twitter.com/UAWeapons/status/1590375007930417152,_c4a0b455ff93b3fd8ccb,09/11/2022
3975,RU,['the Soviet Union'],Infantry Fighting Vehicles,BMP-1(P),556,44,"['damaged', 'abandoned']",https://i.postimg.cc/SRR2SMT3/1040-1x-unkn-tank-destr-2x-bmp1-dam-aband-04-11-23.jpg,_2f79beccabd36bdcc0f9,05/11/2023
3976,RU,['the Soviet Union'],Infantry Fighting Vehicles,BMP-1(P),556,45,"['damaged', 'abandoned']",https://i.postimg.cc/SRR2SMT3/1040-1x-unkn-tank-destr-2x-bmp1-dam-aband-04-11-23.jpg,_88692f6338cf2108a22a,05/11/2023
5204,RU,['the Soviet Union'],Infantry Fighting Vehicles,Unknown BMP-1/2,134,26,['destroyed'],https://twitter.com/UAWeapons/status/1531369866061664256,_a85df83756d1d2ff1bca,30/05/2022
5299,RU,['the Soviet Union'],Infantry Fighting Vehicles,Unknown BMP-1/2,134,121,['destroyed'],https://i.postimg.cc/T3rkmZKZ/1032-unkn-bmp-destr-15-10-23.jpg,_4abee815a07121bc9509,28/10/2023
5302,RU,['the Soviet Union'],Infantry Fighting Vehicles,Unknown BMP-1/2,134,124,['destroyed'],https://i.postimg.cc/D0zfLVx8/1022-3x-unkn-bmp-destr-30-10-23.jpg,_98a790b53b4ccb01c791,31/10/2023
6235,RU,['Russia'],Infantry Fighting Vehicles,BTR-82A(M),554,264,['destroyed'],https://i.postimg.cc/h4QGG5T3/1040-btr82a-destr-25-02-23.jpg,_3c287f949159c8c0581b,03/03/2023
6245,RU,['Russia'],Infantry Fighting Vehicles,BTR-82A(M),554,274,['destroyed'],https://i.postimg.cc/VLZjrPwN/1018-BTR-82-A-destr-16-02-23.jpg,_504bfb22ef9a4f1173d8,20/02/2023
6724,RU,['Russia'],Armoured Personnel Carriers,Unknown BTR-80/BTR-82A,54,15,['destroyed'],https://twitter.com/UAWeapons/status/1528848223519088644,_818a9d43e253e54aa29d,24/05/2022
6725,RU,['Russia'],Armoured Personnel Carriers,Unknown BTR-80/BTR-82A,54,16,['destroyed'],https://i.postimg.cc/G35SRpK4/221.jpg,_f3039f01021c7d5bc006,28/05/2022
6752,RU,['Russia'],Armoured Personnel Carriers,Unknown BTR-80/BTR-82A,54,43,['destroyed'],https://i.postimg.cc/sf8LsYCJ/1011-BTR-80-82-destr-01-08-23.jpg,_19c2f77e8c99714fc3c3,03/08/2023
6753,RU,['Russia'],Armoured Personnel Carriers,Unknown BTR-80/BTR-82A,54,44,['destroyed'],https://i.postimg.cc/NFj3N78m/1054-BTR-80-or-82-destr-04-10-23.jpg,_e5b9099f8e986307dc44,11/10/2023
6858,RU,['the Soviet Union'],Armoured Personnel Carriers,BTR-D,81,22,['captured'],https://i.postimg.cc/DwVTGSbj/1036-BTR-D-capt-07-09-22.jpg,_8481fb8853fe89e26a19,02/11/2023
7503,RU,['the Soviet Union'],Engineering Vehicles And Equipment ,BREM-1 armoured recovery vehicle,48,21,['destroyed'],https://i.postimg.cc/N0FCZBdg/1004-BREM-1-destr-27-10-23.jpg,_f700c4193ee14625264a,31/10/2023
8202,RU,['the Soviet Union'],Towed Artillery ,152mm 2A65 Msta-B howitzer,117,36,['captured'],https://i.postimg.cc/05T77GvK/1007-3x-Msta-B-capt-30-11-22.jpg,_a4c4ae24b370eca8466e,18/10/2023
8508,RU,['the Soviet Union'],Self-Propelled Artillery ,152mm 2S3(M) Akatsiya,148,109,['destroyed'],https://i.postimg.cc/fycxvHvq/1011-2-S3-destr-01-11-23.jpg,_dabf2415a9f877fd4e09,02/11/2023
12086,RU,['Russia'],"Trucks, Vehicles, and Jeeps",KamAZ 6x6,905,699,['destroyed'],https://i.postimg.cc/VNwJN4jm/1022-kamaz6x6-destr-16-10-23.jpg,_486bf45f41bec696f5d9,18/10/2023
13051,UA,['the Soviet Union'],Tanks,T-64BV,261,40,['destroyed'],https://i.postimg.cc/s2D0vSXN/6h9.png,_e88b40e77d58aeff3cbf,28/06/2022
13096,UA,['the Soviet Union'],Tanks,T-64BV,261,85,['destroyed'],https://postimg.cc/ftR1t2H2,_adb956e4f5e510d224ff,25/03/2023
13141,UA,['the Soviet Union'],Tanks,T-64BV,261,130,['destroyed'],https://i.postimg.cc/Kjztfyc8/478p.png,_43e3955536a2cc5764f0,21/04/2023
13156,UA,['the Soviet Union'],Tanks,T-64BV,261,145,['destroyed'],https://i.postimg.cc/sX2fMmN4/h.png,_55f37f2b157e2fce7a26,09/06/2023
13180,UA,['the Soviet Union'],Tanks,T-64BV,261,169,['destroyed'],https://i.postimg.cc/j5B6PBms/2016-64-BV-destr-30-10-23.jpg,_3f7f069664d0a786ee23,31/10/2023
13231,UA,['the Soviet Union'],Tanks,T-64BV,261,17,['captured'],https://i.postimg.cc/JzrNdFy7/478.png,_fc972ff67f83da7cb05e,13/04/2022
13266,UA,['the Soviet Union'],Tanks,T-64BV,261,52,"['damaged', 'captured']",https://i.postimg.cc/2yzx54QH/5542.png,_f319d4e9e3d1fc674104,11/04/2023
13337,UA,['Ukraine'],Tanks,T-64BV Zr. 2017,86,15,['captured'],https://i.postimg.cc/NFdzWLQW/f8.png,_a81b0643a01ec7a5c5d6,06/08/2022
13350,UA,['Ukraine'],Tanks,T-64BV Zr. 2017,86,28,['captured'],https://i.postimg.cc/QMnXc8H2/2041-T-64-BV-Zr-2017-capt-08-09-22.jpg,_cc0c9e3e5a35a87d7238,04/12/2022
13373,UA,['Ukraine'],Tanks,T-64BM 'Bulat',17,3,['captured'],https://i.postimg.cc/tJbw1Xvk/2001.jpg,_96851536fc4eb48204c3,23/07/2022
13374,UA,['Ukraine'],Tanks,T-64BM 'Bulat',17,4,['captured'],https://i.postimg.cc/zD2fTkRL/2002-T-64-BM-capt-Bulat-22-04-22.jpg,_296161908fd426a22596,04/12/2022
13483,UA,['the Soviet Union'],Tanks,T-72AV,40,2,['captured'],https://twitter.com/RALee85/status/1558887657324875777,_34c692132a44e01f17c6,14/08/2022
13484,UA,['the Soviet Union'],Tanks,T-72AV,40,3,['captured'],https://i.postimg.cc/TY5yXFcQ/2002-t72av.jpg,_43e8de2467d08e12c803,19/09/2022
13485,UA,['the Soviet Union'],Tanks,T-72AV,40,4,"['damaged', 'captured']",https://i.postimg.cc/Kc34cjCw/432.png,_d99cec2b0642f8a39d2a,19/10/2022
13486,UA,['the Soviet Union'],Tanks,T-72AV,40,5,['captured'],https://i.postimg.cc/cCsQzKTv/2013-t72av-capt-09-10-22.jpg,_e556afd48452c6399124,31/12/2022
13487,UA,['the Soviet Union'],Tanks,T-72AV,40,6,"['damaged', 'captured']",https://twitter.com/UAWeapons/status/1633907229647618048,_a792e8f270094860a9ec,10/03/2023
13488,UA,['the Soviet Union'],Tanks,T-72AV,40,7,['captured'],https://i.postimg.cc/1XtS8Pkz/2007-t72av-capt-08-07-23.jpg,_1fd5e1e360817e3c5f25,11/07/2023
13489,UA,['the Soviet Union'],Tanks,T-72AV,40,8,['captured'],https://i.postimg.cc/vTQqJ4TV/2010-T-72-AV-capt-01-08-23.jpg,_cd48c210b6932acba691,23/08/2023
13613,UA,['the Soviet Union'],Tanks,T-80BV,66,1,['abandoned'],https://twitter.com/UAWeapons/status/1572568028587626496,_54988483529657c49283,21/09/2022
13614,UA,['the Soviet Union'],Tanks,T-80BV,66,2,"['damaged', 'abandoned']",https://i.postimg.cc/NM8WrWN5/2004-t80bv-dam-aband.jpg,_e27912bf28919228ee9e,27/10/2022
13615,UA,['the Soviet Union'],Tanks,T-80BV,66,3,"['damaged', 'abandoned']",https://i.postimg.cc/cHV1NWQ2/2025-1x-t80bv-2x-Sisu-XA-185-aband-11-08-23.jpg,_20b004ee13ec929a203f,04/10/2023
13623,UA,['the Soviet Union'],Tanks,T-80BV,66,8,['captured'],https://i.postimg.cc/G352G9YJ/580.png,_59a4116c129f0fb1381d,10/05/2022
13624,UA,['the Soviet Union'],Tanks,T-80BV,66,9,['captured'],https://i.postimg.cc/zvh7qCq7/2105.jpg,_6bf44f31d1317e4aa071,20/07/2022
13625,UA,['the Soviet Union'],Tanks,T-80BV,66,10,['captured'],https://postimg.cc/DJfV8xMx,_c4ae78a8b030893f8689,07/09/2022
13626,UA,['the Soviet Union'],Tanks,T-80BV,66,11,['captured'],https://i.postimg.cc/Bvd6csGs/2002-t64bv.jpg,_90fa4eba82a77c2ea032,14/08/2022
13627,UA,['the Soviet Union'],Tanks,T-80BV,66,12,['captured'],https://postimg.cc/S2VsBjb6,_2ed200ab09ec72b59a91,16/10/2022
13628,UA,['the Soviet Union'],Tanks,T-80BV,66,13,['captured'],https://i.postimg.cc/26h3yR6d/4f3.png,_170a22d2c3102a8f25dc,17/10/2022
13629,UA,['the Soviet Union'],Tanks,T-80BV,66,14,['captured'],https://i.postimg.cc/VN5wfxDD/2048-T-80-BV-capt-03-09-2022.jpg,_0945fd9d7833ad016d22,04/12/2022
13640,UA,['Germany'],Tanks,Leopard 2A4,13,1,"['damaged', 'abandoned']",https://i.postimg.cc/MHLmR61X/2001-BTR4-destr-m113-ypr-and-leo2a4-dam-aband-01-11-23.,_d9a497096b58d3f50f02,05/11/2023
13906,UA,['the Soviet Union'],Armoured Fighting Vehicles,MT-LB,63,38,['destroyed'],https://i.postimg.cc/bvjDCHZ5/2009-MT-LB-with-ZU-23-AA-gun-destr-14-05-23.jpg,_b1fdfef7a0f1a5a17d80,22/05/2023
13907,UA,['the Soviet Union'],Armoured Fighting Vehicles,MT-LB,63,39,['destroyed'],https://i.postimg.cc/qqYg88fj/2018-mtlb-destr-30-11-22.png,_776cada790a0e52ad07d,22/05/2023
13908,UA,['the Soviet Union'],Armoured Fighting Vehicles,MT-LB,63,40,['destroyed'],https://i.postimg.cc/8knFQVFM/2019-mtlb-destr-30-11-22.png,_87b2a60f8c7cb5d82ad6,22/05/2023
13909,UA,['the Soviet Union'],Armoured Fighting Vehicles,MT-LB,63,41,['destroyed'],https://i.postimg.cc/rmVdcVCC/2040-mtlb-destr-11-05-23.jpg,_eed8b0996ca9ebd6e78d,22/05/2023
13910,UA,['the Soviet Union'],Armoured Fighting Vehicles,MT-LB,63,42,['destroyed'],https://i.postimg.cc/BbthYRR6/2004-mtlb-destr-19-05-23.jpg,_736a5dbc2f5c1083569c,29/05/2023
13911,UA,['the Soviet Union'],Armoured Fighting Vehicles,MT-LB,63,43,['destroyed'],https://i.postimg.cc/WprbsRYr/2007-MT-LB-destr-11-03-22.jpg,_0762ef0c7a93b5db3ef5,27/07/2023
13912,UA,['the Soviet Union'],Armoured Fighting Vehicles,MT-LB,63,44,['destroyed'],https://i.postimg.cc/Z54nwskm/2420.png,_6aaba6e9098e511c3f73,18/09/2023
13913,UA,['the Soviet Union'],Armoured Fighting Vehicles,MT-LB,63,45,['destroyed'],https://i.postimg.cc/xTQMBdDC/32.png,_5e077098086678f4fb39,25/09/2023
13915,UA,['the Soviet Union'],Armoured Fighting Vehicles,MT-LB,63,1,['abandoned'],https://i.postimg.cc/D00sLq8C/Screenshot-8261.png,_c2578f2c37b0319b98c8,27/02/2022
14462,UA,['the Soviet Union'],Infantry Fighting Vehicles,BMP-2(K),190,66,['destroyed'],https://i.postimg.cc/DyL5mXZY/2001-bmp2-destr-25-01-23.jpg,_e1a3755dc776b9e00858,25/01/2023
14534,UA,['the Soviet Union'],Infantry Fighting Vehicles,BMP-2(K),190,1,['damaged'],https://i.postimg.cc/cJfZ5HRh/547.jpg,_9d2072da84b193892f3c,21/03/2022
14535,UA,['the Soviet Union'],Infantry Fighting Vehicles,BMP-2(K),190,2,['damaged'],https://i.postimg.cc/tCKrkSkq/2001-bmp2-dam-19-05-23.jpg,_f9889605305e7398e801,29/05/2023
14536,UA,['the Soviet Union'],Infantry Fighting Vehicles,BMP-2(K),190,3,['damaged'],https://i.postimg.cc/FspCR7hB/1021-bmp2-dam-29-06-23.jpg,_c19c91502bcadeda3c12,03/07/2023
14537,UA,['the Soviet Union'],Infantry Fighting Vehicles,BMP-2(K),190,4,['damaged'],https://i.postimg.cc/5NzndC40/2007-BMP-2-dam-13-07-23.jpg,_12d7fdfdbd232a9841ef,21/07/2023
14538,UA,['the Soviet Union'],Infantry Fighting Vehicles,BMP-2(K),190,5,['damaged'],https://i.postimg.cc/HxjtZ9p5/2035-bmp2-dam-17-08-23.jpg,_76e7491248cd89426588,17/08/2023
14551,UA,['the Soviet Union'],Infantry Fighting Vehicles,BMP-2(K),190,13,['abandoned'],https://i.postimg.cc/QCvkqN0n/4313.png,_2b6094822fb8f8138cfd,28/09/2023
14552,UA,['the Soviet Union'],Infantry Fighting Vehicles,BMP-2(K),190,14,"['damaged', 'abandoned']",https://i.postimg.cc/jj25nTyn/321.png,_7a0f1a92a88cb1dc9c2e,28/09/2023
14553,UA,['the Soviet Union'],Infantry Fighting Vehicles,BMP-2(K),190,15,"['damaged', 'abandoned']",https://i.postimg.cc/rFYj2FsQ/2008-bmp2-dam-aband-26-09-23.jpg,_256807371f051eff09a9,04/10/2023
14580,UA,['the Soviet Union'],Infantry Fighting Vehicles,Unknown BMP-1/2,28,3,['destroyed'],https://i.postimg.cc/2SFhvb7B/2005-unkn-bmp.jpg,_f6f3374d0b07f2376fd6,30/08/2022
14604,UA,['the Soviet Union'],Infantry Fighting Vehicles,Unknown BMP-1/2,28,27,['destroyed'],https://i.postimg.cc/tCcVXVTc/431.png,_52fe093bc3abe4951677,20/09/2023
14756,UA,['Ukraine'],Infantry Fighting Vehicles,BTR-4,91,38,['destroyed'],https://i.postimg.cc/Y0qTyKX9/2002-btr4e-destr-02-01-23.jpg,_6c26e290cdb8acc747ca,03/01/2023
14792,UA,['Ukraine'],Infantry Fighting Vehicles,BTR-4,91,8,['captured'],https://i.postimg.cc/sx8Mcqch/47.png,_da6bd8d16929b86552fd,21/03/2022
14806,UA,['Ukraine'],Infantry Fighting Vehicles,BTR-4,91,22,['captured'],https://i.postimg.cc/GhL7wn9g/2305-btr4-capt-19-08-22.png,_abeb85e8ad405b8a32d7,10/06/2023
14809,UA,['Poland'],Infantry Fighting Vehicles,KTO Rosomak,5,1,['abandoned'],https://i.postimg.cc/h4Tn8QJg/5422.png,_2577649ef66174ed2f87,28/09/2023
15034,UA,['the Netherlands'],Armoured Personnel Carriers,YPR-765,55,22,['destroyed'],https://i.postimg.cc/6p6pt5rM/2030-YPR-765-destr-22-06-23.jpg,_7495a64460eda7d8bf57,27/06/2023
15047,UA,['the Netherlands'],Armoured Personnel Carriers,YPR-765,55,35,['destroyed'],https://i.postimg.cc/fTHtgp4T/2002-ypr765-destr-10-10-23.jpg,_5436742691649faf18a3,25/10/2023
15482,UA,['Ukraine'],Infantry Mobility Vehicles,Kozak-2,61,1,"['damaged', 'abandoned']",https://i.postimg.cc/vH1LW595/2003-kozak2-dam-aband-29-12-22.jpg,_eefd99f4b178b0f6c078,21/01/2023
15488,UA,['Ukraine'],Infantry Mobility Vehicles,Kozak-2,61,6,['captured'],https://i.postimg.cc/T2tH9nND/47.png,_72854557a8bc822c9135,13/04/2022
15501,UA,['Ukraine'],Infantry Mobility Vehicles,Kozak-2,61,19,['captured'],https://i.postimg.cc/xC6W8zKw/544.png,_0cd5c3db42a347cf82a8,16/04/2023
16605,UA,['the Soviet Union'],Aircraft,MiG-29 fighter aircraft,25,23,['destroyedontheground'],https://i.postimg.cc/52tyFBn7/2004-mig29-destr-30-09-23.jpg,_08c805c6973d679b257c,05/11/2023
16629,UA,['the Soviet Union'],Aircraft,Su-25 close air support aircraft,23,11,['destroyed'],https://i.postimg.cc/BZhbRRp1/7762.png,_8ab35de88db4a30fc487,09/09/2022
16630,UA,['the Soviet Union'],Aircraft,Su-25 close air support aircraft,23,12,['destroyed'],https://i.postimg.cc/2ym06SYn/229.png,_61582e8fc38364c0e4bb,01/10/2022
16631,UA,['the Soviet Union'],Aircraft,Su-25 close air support aircraft,23,13,['destroyed'],https://twitter.com/UAWeapons/status/1571914761344012288,_e6ca4065478ff523ae3e,19/09/2022
16632,UA,['the Soviet Union'],Aircraft,Su-25 close air support aircraft,23,14,['damagedbeyondeconomicalrepair'],https://twitter.com/UAWeapons/status/1506317219000721412,_d0ed2d114ce847804559,23/03/2022
16633,UA,['the Soviet Union'],Aircraft,Su-25 close air support aircraft,23,15,['destroyed'],https://i.postimg.cc/qBF97szr/62.png,_1f193d3498cf51b9467c,02/11/2022
16634,UA,['the Soviet Union'],Aircraft,Su-25 close air support aircraft,23,16,['destroyed'],https://i.postimg.cc/9F4PYCXX/2019-su25-destr-27-01-23.jpg,_20d2c73112104373612a,29/01/2023
16635,UA,['the Soviet Union'],Aircraft,Su-25 close air support aircraft,23,17,['destroyed'],https://twitter.com/UAWeapons/status/1711843075998269528,_bd7e9f7f56448f26d6e9,11/10/2023
16674,UA,['the Soviet Union'],Helicopters,Mi-8 transport helicopter,25,8,['destroyed'],https://i.postimg.cc/FsnJPVWy/2227.png,_dfa45a4da83a83226fd7,26/10/2022
16690,UA,['the Soviet Union'],Helicopters,Mi-8 transport helicopter,25,24,['destroyed'],https://i.postimg.cc/y8GgrPfR/3270.png,_d34cafdfdede92ada8de,26/09/2023
17009,UA,['Ukraine'],"Trucks, Vehicles, and Jeeps",KrAZ-6322 Raptor,9,1,['destroyed'],https://i.postimg.cc/kgJPxDg1/2022-06-25-UA-Kr-AZ-6322-destroyed.jpg,_0c0f468bce4bacfcc54d,04/12/2022
17010,UA,['Ukraine'],"Trucks, Vehicles, and Jeeps",KrAZ-6322 Raptor,9,2,['destroyed'],https://i.postimg.cc/fTjhtYDS/2022-07-09-UA-Kr-AZ-6322-destroyed.jpg,_9bdbe2163e77dae7108d,04/12/2022
17011,UA,['Ukraine'],"Trucks, Vehicles, and Jeeps",KrAZ-6322 Raptor,9,3,['destroyed'],https://i.postimg.cc/285nK3Pj/2000-Bogdan-63172-Kozak-destr.jpg,_00e6b8f6f2845b0b84a6,29/11/2022
17204,UA,['the Soviet Union'],"Trucks, Vehicles, and Jeeps",GAZ-66,109,24,['captured'],https://i.postimg.cc/R0vMzqRd/g544.png,_6312e67293afb88a4690,03/03/2022
17237,UA,['the Soviet Union'],"Trucks, Vehicles, and Jeeps",ZiL-131,150,12,['destroyed'],https://i.postimg.cc/W46c2YkQ/41.jpg,_a6edab6f15f10a904b1c,10/04/2022
17598,UA,['Ukraine'],"Trucks, Vehicles, and Jeeps",Unknown truck,71,1,['destroyed'],https://i.postimg.cc/zfsjQf9B/79.png,_8fc1a752b7961297cdd3,26/04/2022
17660,UA,['Ukraine'],"Trucks, Vehicles, and Jeeps",Unknown truck,71,63,['destroyed'],https://i.postimg.cc/d0jcH5hy/542.png,_e7cf2d32189d6326b770,05/09/2023
17716,RU,['Russia'],Tanks,T-72B3,354,220,['destroyed'],https://i.postimg.cc/C5vfhZRC/1033-t72b3-destr-08-11-23.jpg,_ef3193b38dd3fc360149,09/11/2023
17717,RU,['Russia'],Tanks,T-72B3,354,221,['destroyed'],https://i.postimg.cc/Y9BLC0GR/1007-t72b3-destr-T80b-dam-aband-02-11-23.jpg,_4ec7bc907712c1fb131f,11/02/2023
17725,RU,['Russia'],Tanks,Unknown T-72,148,109,['destroyed'],https://i.postimg.cc/QCgmSv5g/1016-64-BV-and-72-destr-19-10-23.jpg,_da9a6c5e4baea2ea071e,19/10/2023
17731,RU,['the Soviet Union'],Tanks,T-80BV,440,29,"['damaged', 'abandoned']",https://i.postimg.cc/9QsZwqJJ/1001-2x-t80bv-dam-aband-06-11-23.jpg,_bdb28e3889cafde47f88,09/11/2023
17732,RU,['the Soviet Union'],Tanks,T-80BV,440,40,"['damaged', 'abandoned']",https://i.postimg.cc/9QsZwqJJ/1001-2x-t80bv-dam-aband-06-11-23.jpg,_0862526f20dbebe2a8d5,09/11/2023
17741,RU,['Russia'],Tanks,Unknown tank,301,246,['destroyed'],https://i.postimg.cc/Wp5gB2Wx/1033-unkn-tank-destr-19-10-23.jpg,_ed6bc2fa5752a68c31ed,05/11/2023
17780,RU,['the Soviet Union'],Engineering Vehicles And Equipment ,BREM-1 armoured recovery vehicle,48,8,['abandoned'],https://i.postimg.cc/T2Vw72RT/1037-2x-dam-aband-bmp2-1x-brem-1-aband-08-11-23.jpg,_4276a2bdfc22e794e654,09/11/2023
17797,UA,['the Soviet Union'],Tanks,T-64BV,261,170,['destroyed'],https://i.postimg.cc/3w1WB5nd/2011-T-64-BV-destr-31-08-23.jpg,_f3240bb77fae503453f9,09/11/2023
17812,UA,['the Soviet Union'],Infantry Fighting Vehicles,BMP-2(K),190,139,['destroyed'],https://i.postimg.cc/W4DK5JC8/2000-bmp2-destr-24-09-23.jpg,_02fe38ee0d7689869243,10/11/2023
17819,UA,['Ukraine'],Infantry Fighting Vehicles,BTR-4,91,57,['destroyed'],https://i.postimg.cc/Lsj8sqqd/2010-BTR-4-E-destr-05-11-23.jpg,_6f5bd6cb706f83c9e660,09/11/2023
17838,UA,['the Soviet Union'],"Trucks, Vehicles, and Jeeps",GAZ-66,109,32,['captured'],https://i.postimg.cc/wBSHD9mX/2012-GAZ-66-capt-29-07-22.jpg,_dbd55120479d3dc05512,09/11/2023
