owner;weapon;platform;;;;;;;;owner;;weapon;;platform;;Status
RU;Tanks;T-55A;;;;;;;;RU;;Tanks;;T-55A;;['damaged']
RU;Tanks;T-62 Obr. 1967;;;;;;;;UA;;Armoured Fighting Vehicles;;T-62 Obr. 1967;;['captured']
RU;Tanks;T-62M;;;;;;;;;;Infantry Fighting Vehicles;;T-62M;;['destroyed']
RU;Tanks;T-62M Obr. 2022;;;;;;;;;;Armoured Personnel Carriers;;T-62M Obr. 2022;;['abandoned', 'destroyed']
RU;Tanks;T-62MV;;;;;;;;;;Mine-Resistant Ambush Protected ;;T-62MV;;['captured', 'destroyed']
RU;Tanks;T-62MV Obr. 2022;;;;;;;;;;Infantry Mobility Vehicles;;T-62MV Obr. 2022;;['damaged', 'captured']
RU;Tanks;T-64A;;;;;;;;;;Command Posts And Communications Stations ;;T-64A;;['destroyedinanon-combatrelatedincident']
RU;Tanks;T-64BV;;;;;;;;;;Engineering Vehicles And Equipment ;;T-64BV;;['destroyedontheground']
RU;Tanks;T-72 'Ural';;;;;;;;;;Self-Propelled Anti-Tank Missile Systems;;T-72 'Ural';;['damagedontheground']
RU;Tanks;T-72A;;;;;;;;;;Artillery Support Vehicles And Equipment;;T-72A;;['sunk']
RU;Tanks;T-72AV;;;;;;;;;;Towed Artillery ;;T-72AV;;['damagedbeyondeconomicalrepair']
RU;Tanks;T-72B;;;;;;;;;;Self-Propelled Artillery ;;T-72B;;['abandoned']
RU;Tanks;T-72B Obr. 1989;;;;;;;;;;Multiple Rocket Launchers ;;T-72B Obr. 1989;;['damaged', 'abandoned']
RU;Tanks;T-72B Obr. 2022;;;;;;;;;;Anti-Aircraft Guns ;;T-72B Obr. 2022;;['scuttled']
RU;Tanks;T-72BA;;;;;;;;;;Self-Propelled Anti-Aircraft Guns ;;T-72BA;;
RU;Tanks;T-72B3;;;;;;;;;;Surface-To-Air Missile Systems ;;T-72B3;;
RU;Tanks;T-72B3 Obr. 2014;;;;;;;;;;Radars ;;T-72B3 Obr. 2014;;
RU;Tanks;T-72B3 Obr. 2016;;;;;;;;;;Jammers And Deception Systems ;;T-72B3 Obr. 2016;;
RU;Tanks;T-72B3 Obr. 2022;;;;;;;;;;Aircraft;;T-72B3 Obr. 2022;;
RU;Tanks;Unknown T-72;;;;;;;;;;Helicopters;;Unknown T-72;;
RU;Tanks;T-80B;;;;;;;;;;Unmanned Combat Aerial Vehicles;;T-80B;;
RU;Tanks;T-80BV;;;;;;;;;;Reconnaissance Unmanned Aerial Vehicles;;T-80BV;;
RU;Tanks;T-80BV Obr. 2022;;;;;;;;;;Naval Shipsand Submarines ;;T-80BV Obr. 2022;;
RU;Tanks;T-80U;;;;;;;;;;Trucks, Vehicles, and Jeeps;;T-80U;;
RU;Tanks;T-80UK;;;;;;;;;;Towed Artillery;;T-80UK;;
RU;Tanks;T-80UE-1;;;;;;;;;;Self-Propelled Artillery;;T-80UE-1;;
RU;Tanks;T-80UM2;;;;;;;;;;Multiple Rocket Launchers;;T-80UM2;;
RU;Tanks;T-80BVM;;;;;;;;;;Anti-Aircraft Guns;;T-80BVM;;
RU;Tanks;T-80BVM Obr. 2022;;;;;;;;;;Radars And Communications Equipment;;T-80BVM Obr. 2022;;
RU;Tanks;Unknown T-80;;;;;;;;;;Naval Ships;;Unknown T-80;;
RU;Tanks;T-90A;;;;;;;;;;;;T-90A;;
RU;Tanks;T-90AK;;;;;;;;;;;;T-90AK;;
RU;Tanks;T-90S;;;;;;;;;;;;T-90S;;
RU;Tanks;T-90M;;;;;;;;;;;;T-90M;;
RU;Tanks;Unknown tank;;;;;;;;;;;;Unknown tank;;
RU;Armoured Fighting Vehicles;BMPT Terminator;;;;;;;;;;;;BMPT Terminator;;
RU;Armoured Fighting Vehicles;BRM-1(K) reconnaissance vehicle;;;;;;;;;;;;BRM-1(K) reconnaissance vehicle;;
RU;Armoured Fighting Vehicles;BRM-1K Obr. 2021;;;;;;;;;;;;BRM-1K Obr. 2021;;
RU;Armoured Fighting Vehicles;BRDM-2;;;;;;;;;;;;BRDM-2;;
RU;Armoured Fighting Vehicles;BRDM-2M/A;;;;;;;;;;;;BRDM-2M/A;;
RU;Armoured Fighting Vehicles;BRDM-2RKhb chemical reconnaissance vehicle;;;;;;;;;;;;BRDM-2RKhb chemical reconnaissance vehicle;;
RU;Armoured Fighting Vehicles;BRDM-2-based ZS-82 PsyOps vehicle;;;;;;;;;;;;BRDM-2-based ZS-82 PsyOps vehicle;;
RU;Armoured Fighting Vehicles;BTR-80-based ZS-88 PsyOps vehicle;;;;;;;;;;;;BTR-80-based ZS-88 PsyOps vehicle;;
RU;Armoured Fighting Vehicles;BTR-80 with 57mm UB-32 unguided aircraft rocket pods;;;;;;;;;;;;BTR-80 with 57mm UB-32 unguided aircraft rocket pods;;
RU;Armoured Fighting Vehicles;MT-LB;;;;;;;;;;;;MT-LB;;
RU;Armoured Fighting Vehicles;MT-LBVM and MT-LBVMK;;;;;;;;;;;;MT-LBVM and MT-LBVMK;;
RU;Armoured Fighting Vehicles;MT-LB with ZU-23 AA gun;;;;;;;;;;;;MT-LB with ZU-23 AA gun;;
RU;Armoured Fighting Vehicles;MT-LB With 14.5mm BPU-1 Turret;;;;;;;;;;;;MT-LB With 14.5mm BPU-1 Turret;;
RU;Armoured Fighting Vehicles;MT-LB with 14.5mm 2M-7 naval gun mount;;;;;;;;;;;;MT-LB with 14.5mm 2M-7 naval gun mount;;
RU;Armoured Fighting Vehicles;MT-LB withAZP S-60 AA gun;;;;;;;;;;;;MT-LB withAZP S-60 AA gun;;
RU;Armoured Fighting Vehicles;MT-LB with 100mm MT-12 anti-tank gun;;;;;;;;;;;;MT-LB with 100mm MT-12 anti-tank gun;;
RU;Armoured Fighting Vehicles;MT-LB with 82-mm automatic mortar 2B9 Vasilek;;;;;;;;;;;;MT-LB with 82-mm automatic mortar 2B9 Vasilek;;
RU;Armoured Fighting Vehicles;MT-LB with 25mm 2M-3 naval gun;;;;;;;;;;;;MT-LB with 25mm 2M-3 naval gun;;
RU;Armoured Fighting Vehicles;MT-LBu;;;;;;;;;;;;MT-LBu;;
RU;Armoured Fighting Vehicles;Vityaz DT-10PM articulated tracked carrier;;;;;;;;;;;;Vityaz DT-10PM articulated tracked carrier;;
RU;Armoured Fighting Vehicles;Vityaz DT-30 articulated tracked carrier;;;;;;;;;;;;Vityaz DT-30 articulated tracked carrier;;
RU;Armoured Fighting Vehicles;GAZ-3344-20 'Aleut' articulated tracked carrier;;;;;;;;;;;;GAZ-3344-20 'Aleut' articulated tracked carrier;;
RU;Armoured Fighting Vehicles;2S1 with ZU-23 AA gun;;;;;;;;;;;;2S1 with ZU-23 AA gun;;
RU;Armoured Fighting Vehicles;Unknown BTR-D/BMD-2;;;;;;;;;;;;Unknown BTR-D/BMD-2;;
RU;Armoured Fighting Vehicles;BMM-80 ambulance;;;;;;;;;;;;BMM-80 ambulance;;
RU;Armoured Fighting Vehicles;Unknown AFV;;;;;;;;;;;;Unknown AFV;;
RU;Infantry Fighting Vehicles;BMP-1(P);;;;;;;;;;;;BMP-1(P);;
RU;Infantry Fighting Vehicles;BMP-1AM;;;;;;;;;;;;BMP-1AM;;
RU;Infantry Fighting Vehicles;BMP-2(K);;;;;;;;;;;;BMP-2(K);;
RU;Infantry Fighting Vehicles;BMP-2M Berezhok;;;;;;;;;;;;BMP-2M Berezhok;;
RU;Infantry Fighting Vehicles;BMP-2 675-sb3KDZ;;;;;;;;;;;;BMP-2 675-sb3KDZ;;
RU;Infantry Fighting Vehicles;Unknown BMP-1/2;;;;;;;;;;;;Unknown BMP-1/2;;
RU;Infantry Fighting Vehicles;BMP-3;;;;;;;;;;;;BMP-3;;
RU;Infantry Fighting Vehicles;BMP-3 688M sb. 3KDZ;;;;;;;;;;;;BMP-3 688M sb. 3KDZ;;
RU;Infantry Fighting Vehicles;MT-LBM 6MB;;;;;;;;;;;;MT-LBM 6MB;;
RU;Infantry Fighting Vehicles;BMD-2;;;;;;;;;;;;BMD-2;;
RU;Infantry Fighting Vehicles;BMD-4M;;;;;;;;;;;;BMD-4M;;
RU;Infantry Fighting Vehicles;BTR-82A(M);;;;;;;;;;;;BTR-82A(M);;
RU;Armoured Personnel Carriers;BTR-50;;;;;;;;;;;;BTR-50;;
RU;Armoured Personnel Carriers;BTR-60PB;;;;;;;;;;;;BTR-60PB;;
RU;Armoured Personnel Carriers;BTR-70;;;;;;;;;;;;BTR-70;;
RU;Armoured Personnel Carriers;BTR-70M;;;;;;;;;;;;BTR-70M;;
RU;Armoured Personnel Carriers;BTR-80;;;;;;;;;;;;BTR-80;;
RU;Armoured Personnel Carriers;Unknown BTR-80/BTR-82A;;;;;;;;;;;;Unknown BTR-80/BTR-82A;;
RU;Armoured Personnel Carriers;Remdiesel Z-STS Akhmat;;;;;;;;;;;;Remdiesel Z-STS Akhmat;;
RU;Armoured Personnel Carriers;Ural-VV;;;;;;;;;;;;Ural-VV;;
RU;Armoured Personnel Carriers;BTR-D;;;;;;;;;;;;BTR-D;;
RU;Armoured Personnel Carriers;BTR-MDM Rakushka;;;;;;;;;;;;BTR-MDM Rakushka;;
RU;Armoured Personnel Carriers;BMO-T;;;;;;;;;;;;BMO-T;;
RU;Mine-Resistant Ambush Protected ;KamAZ-63968 Typhoon;;;;;;;;;;;;KamAZ-63968 Typhoon;;
RU;Mine-Resistant Ambush Protected ;KamAZ-435029 Patrol-A;;;;;;;;;;;;KamAZ-435029 Patrol-A;;
RU;Mine-Resistant Ambush Protected ;K-53949 Typhoon-K;;;;;;;;;;;;K-53949 Typhoon-K;;
RU;Mine-Resistant Ambush Protected ;K-53949 Linza;;;;;;;;;;;;K-53949 Linza;;
RU;Infantry Mobility Vehicles;BPM-97 Vystrel;;;;;;;;;;;;BPM-97 Vystrel;;
RU;Infantry Mobility Vehicles;GAZ Tigr;;;;;;;;;;;;GAZ Tigr;;
RU;Infantry Mobility Vehicles;GAZ Tigr-M;;;;;;;;;;;;GAZ Tigr-M;;
RU;Infantry Mobility Vehicles;AMN-590951;;;;;;;;;;;;AMN-590951;;
RU;Infantry Mobility Vehicles;Iveco LMV Rys;;;;;;;;;;;;Iveco LMV Rys;;
RU;Infantry Mobility Vehicles;GAZ-3937 Vodnik;;;;;;;;;;;;GAZ-3937 Vodnik;;
RU;Infantry Mobility Vehicles;KamAZ Patrol;;;;;;;;;;;;KamAZ Patrol;;
RU;Command Posts And Communications Stations ;BMP-1KSh command and staff vehicle;;;;;;;;;;;;BMP-1KSh command and staff vehicle;;
RU;Command Posts And Communications Stations ;BMD-1KSh-A command vehicle;;;;;;;;;;;;BMD-1KSh-A command vehicle;;
RU;Command Posts And Communications Stations ;BTR-60PU-12command vehicle;;;;;;;;;;;;BTR-60PU-12command vehicle;;
RU;Command Posts And Communications Stations ;R-145BM command vehicle;;;;;;;;;;;;R-145BM command vehicle;;
RU;Command Posts And Communications Stations ;R-145BM1 command vehicle;;;;;;;;;;;;R-145BM1 command vehicle;;
RU;Command Posts And Communications Stations ;R-145BMA command vehicle;;;;;;;;;;;;R-145BMA command vehicle;;
RU;Command Posts And Communications Stations ;R-142NSA command and signals vehicle;;;;;;;;;;;;R-142NSA command and signals vehicle;;
RU;Command Posts And Communications Stations ;R-149MA1 command and staff vehicle;;;;;;;;;;;;R-149MA1 command and staff vehicle;;
RU;Command Posts And Communications Stations ;R-149MA3 command and staff vehicle;;;;;;;;;;;;R-149MA3 command and staff vehicle;;
RU;Command Posts And Communications Stations ;APE-5 command post;;;;;;;;;;;;APE-5 command post;;
RU;Command Posts And Communications Stations ;MSh-5350.1 command vehicle;;;;;;;;;;;;MSh-5350.1 command vehicle;;
RU;Command Posts And Communications Stations ;9S470M1 (or variant thereof) command post (for Buk-M1/2);;;;;;;;;;;;9S470M1 (or variant thereof) command post (for Buk-M1/2);;
RU;Command Posts And Communications Stations ;Barnaul-T 932-1 automated system for air defence units;;;;;;;;;;;;Barnaul-T 932-1 automated system for air defence units;;
RU;Command Posts And Communications Stations ;9S932-2 intelligence, control and command vehicle (for Barnaul-T);;;;;;;;;;;;9S932-2 intelligence, control and command vehicle (for Barnaul-T);;
RU;Command Posts And Communications Stations ;Command vehicle forPodlet-K1 low-altitude S-band surveillance radar;;;;;;;;;;;;Command vehicle forPodlet-K1 low-altitude S-band surveillance radar;;
RU;Command Posts And Communications Stations ;55K6A command post for S-400;;;;;;;;;;;;55K6A command post for S-400;;
RU;Command Posts And Communications Stations ;R-149AKSh-1 command and signals vehicle;;;;;;;;;;;;R-149AKSh-1 command and signals vehicle;;
RU;Command Posts And Communications Stations ;R-149BMRgcommand and signals vehicle;;;;;;;;;;;;R-149BMRgcommand and signals vehicle;;
RU;Command Posts And Communications Stations ;R-161 signals vehicle;;;;;;;;;;;;R-161 signals vehicle;;
RU;Command Posts And Communications Stations ;R-166-0.5 signals vehicle;;;;;;;;;;;;R-166-0.5 signals vehicle;;
RU;Command Posts And Communications Stations ;P-240digital communications vehicle;;;;;;;;;;;;P-240digital communications vehicle;;
RU;Command Posts And Communications Stations ;P-260 Redut-2US communication system;;;;;;;;;;;;P-260 Redut-2US communication system;;
RU;Command Posts And Communications Stations ;P-260-U signals vehicle (for Redut-2US signal and communications system);;;;;;;;;;;;P-260-U signals vehicle (for Redut-2US signal and communications system);;
RU;Command Posts And Communications Stations ;R-431AM antenna module for the Redut-2US communications system;;;;;;;;;;;;R-431AM antenna module for the Redut-2US communications system;;
RU;Command Posts And Communications Stations ;R-419L1 communications station;;;;;;;;;;;;R-419L1 communications station;;
RU;Command Posts And Communications Stations ;MP-1IM signals vehicle;;;;;;;;;;;;MP-1IM signals vehicle;;
RU;Command Posts And Communications Stations ;MP-2IM signals vehicle;;;;;;;;;;;;MP-2IM signals vehicle;;
RU;Command Posts And Communications Stations ;R-439-MD2 SatCom Station;;;;;;;;;;;;R-439-MD2 SatCom Station;;
RU;Command Posts And Communications Stations ;R-441 SatCom station;;;;;;;;;;;;R-441 SatCom station;;
RU;Command Posts And Communications Stations ;Auriga-1.2V portable satellite communications station;;;;;;;;;;;;Auriga-1.2V portable satellite communications station;;
RU;Command Posts And Communications Stations ;R-381T2M radio monitoring station from a modernised R-381TM Taran-M automatic signals intelligence complex;;;;;;;;;;;;R-381T2M radio monitoring station from a modernised R-381TM Taran-M automatic signals intelligence complex;;
RU;Command Posts And Communications Stations ;Orlan-10 UAV control station;;;;;;;;;;;;Orlan-10 UAV control station;;
RU;Command Posts And Communications Stations ;Lancet loitering munition launcher and control station;;;;;;;;;;;;Lancet loitering munition launcher and control station;;
RU;Command Posts And Communications Stations ;P-230T command vehicle;;;;;;;;;;;;P-230T command vehicle;;
RU;Command Posts And Communications Stations ;MPUS-K mobile command post;;;;;;;;;;;;MPUS-K mobile command post;;
RU;Command Posts And Communications Stations ;Unknown communications station based on the KamAZ 6x6;;;;;;;;;;;;Unknown communications station based on the KamAZ 6x6;;
RU;Command Posts And Communications Stations ;Unknown UAV control station;;;;;;;;;;;;Unknown UAV control station;;
RU;Command Posts And Communications Stations ;Unknown communications station;;;;;;;;;;;;Unknown communications station;;
RU;Engineering Vehicles And Equipment ;UR-67 mine clearing charge on BTR-D APC;;;;;;;;;;;;UR-67 mine clearing charge on BTR-D APC;;
RU;Engineering Vehicles And Equipment ;UR-77 'Meteorit'  mine clearing vehicle;;;;;;;;;;;;UR-77 'Meteorit'  mine clearing vehicle;;
RU;Engineering Vehicles And Equipment ;GMZ-3 minelayer;;;;;;;;;;;;GMZ-3 minelayer;;
RU;Engineering Vehicles And Equipment ;RKhM-6 Povozka CBRN reconnaissance vehicle;;;;;;;;;;;;RKhM-6 Povozka CBRN reconnaissance vehicle;;
RU;Engineering Vehicles And Equipment ;BAT-2 heavy engineering vehicle;;;;;;;;;;;;BAT-2 heavy engineering vehicle;;
RU;Engineering Vehicles And Equipment ;MDK-3 trench-digging vehicle;;;;;;;;;;;;MDK-3 trench-digging vehicle;;
RU;Engineering Vehicles And Equipment ;PZM-2 trench-digging vehicle;;;;;;;;;;;;PZM-2 trench-digging vehicle;;
RU;Engineering Vehicles And Equipment ;BTS-4A armoured recovery vehicle;;;;;;;;;;;;BTS-4A armoured recovery vehicle;;
RU;Engineering Vehicles And Equipment ;BREM-1 armoured recovery vehicle;;;;;;;;;;;;BREM-1 armoured recovery vehicle;;
RU;Engineering Vehicles And Equipment ;BREM-2 armoured recovery vehicle;;;;;;;;;;;;BREM-2 armoured recovery vehicle;;
RU;Engineering Vehicles And Equipment ;BREM-Ch ''BREM-4'' armoured recovery vehicle;;;;;;;;;;;;BREM-Ch ''BREM-4'' armoured recovery vehicle;;
RU;Engineering Vehicles And Equipment ;BREM-D armoured recovery vehicle;;;;;;;;;;;;BREM-D armoured recovery vehicle;;
RU;Engineering Vehicles And Equipment ;BREM-K armoured recovery vehicle;;;;;;;;;;;;BREM-K armoured recovery vehicle;;
RU;Engineering Vehicles And Equipment ;REM-KL recovery vehicle;;;;;;;;;;;;REM-KL recovery vehicle;;
RU;Engineering Vehicles And Equipment ;BREM-L armoured recovery vehicle;;;;;;;;;;;;BREM-L armoured recovery vehicle;;
RU;Engineering Vehicles And Equipment ;MTP-A2 recovery vehicle;;;;;;;;;;;;MTP-A2 recovery vehicle;;
RU;Engineering Vehicles And Equipment ;MTP-A2.1 recovery vehicle;;;;;;;;;;;;MTP-A2.1 recovery vehicle;;
RU;Engineering Vehicles And Equipment ;Ural-4320 KET-L recovery vehicle;;;;;;;;;;;;Ural-4320 KET-L recovery vehicle;;
RU;Engineering Vehicles And Equipment ;Ural-4320 KT-L recovery vehicle;;;;;;;;;;;;Ural-4320 KT-L recovery vehicle;;
RU;Engineering Vehicles And Equipment ;KrAZ-260KT-L recovery vehicle;;;;;;;;;;;;KrAZ-260KT-L recovery vehicle;;
RU;Engineering Vehicles And Equipment ;IMR-2(M) combat engineering vehicle;;;;;;;;;;;;IMR-2(M) combat engineering vehicle;;
RU;Engineering Vehicles And Equipment ;IMR-3M combat engineering vehicle;;;;;;;;;;;;IMR-3M combat engineering vehicle;;
RU;Engineering Vehicles And Equipment ;PTS-2  tracked amphibious transport;;;;;;;;;;;;PTS-2  tracked amphibious transport;;
RU;Engineering Vehicles And Equipment ;MTU-72 bridge layer;;;;;;;;;;;;MTU-72 bridge layer;;
RU;Engineering Vehicles And Equipment ;TMM-3 bridge layer;;;;;;;;;;;;TMM-3 bridge layer;;
RU;Engineering Vehicles And Equipment ;PMP floating bridge;;;;;;;;;;;;PMP floating bridge;;
RU;Engineering Vehicles And Equipment ;PP-2005 floating bridge;;;;;;;;;;;;PP-2005 floating bridge;;
RU;Engineering Vehicles And Equipment ;Pontoon bridge;;;;;;;;;;;;Pontoon bridge;;
RU;Engineering Vehicles And Equipment ;BMK-130M/BMK-150 towing and motor boat;;;;;;;;;;;;BMK-130M/BMK-150 towing and motor boat;;
RU;Engineering Vehicles And Equipment ;BMK-460 towing and motor boat;;;;;;;;;;;;BMK-460 towing and motor boat;;
RU;Engineering Vehicles And Equipment ;BMK-MT towing and motor boat;;;;;;;;;;;;BMK-MT towing and motor boat;;
RU;Engineering Vehicles And Equipment ;BMK-MOtowing and motor boat;;;;;;;;;;;;BMK-MOtowing and motor boat;;
RU;Engineering Vehicles And Equipment ;KrAZ-255B with excavator;;;;;;;;;;;;KrAZ-255B with excavator;;
RU;Engineering Vehicles And Equipment ;KamAZ-5350 with EOV-3523 excavator;;;;;;;;;;;;KamAZ-5350 with EOV-3523 excavator;;
RU;Engineering Vehicles And Equipment ;KamAZ-5350 with KS-45719-7M crane;;;;;;;;;;;;KamAZ-5350 with KS-45719-7M crane;;
RU;Engineering Vehicles And Equipment ;Ural-4320 with KS-3574M3 or KS-3574M crane;;;;;;;;;;;;Ural-4320 with KS-3574M3 or KS-3574M crane;;
RU;Engineering Vehicles And Equipment ;Ural-375D with 8T210 crane;;;;;;;;;;;;Ural-375D with 8T210 crane;;
RU;Engineering Vehicles And Equipment ;KamAZ-63501 with KS-55729-7M 32-ton crane;;;;;;;;;;;;KamAZ-63501 with KS-55729-7M 32-ton crane;;
RU;Engineering Vehicles And Equipment ;KamAZ KMV-10V boom crane truck;;;;;;;;;;;;KamAZ KMV-10V boom crane truck;;
RU;Engineering Vehicles And Equipment ;Ural-4320 with EOV-3521 excavator;;;;;;;;;;;;Ural-4320 with EOV-3521 excavator;;
RU;Engineering Vehicles And Equipment ;ED2x30-T400-3RA mobile generator;;;;;;;;;;;;ED2x30-T400-3RA mobile generator;;
RU;Engineering Vehicles And Equipment ;Mobile generator forPodlet-K1 low-altitude S-band surveillance radar;;;;;;;;;;;;Mobile generator forPodlet-K1 low-altitude S-band surveillance radar;;
RU;Engineering Vehicles And Equipment ;MTO-UB1 maintenance vehicle;;;;;;;;;;;;MTO-UB1 maintenance vehicle;;
RU;Engineering Vehicles And Equipment ;MTO-UB2maintenance vehicle;;;;;;;;;;;;MTO-UB2maintenance vehicle;;
RU;Engineering Vehicles And Equipment ;MTO-AT mobile workshop;;;;;;;;;;;;MTO-AT mobile workshop;;
RU;Engineering Vehicles And Equipment ;MTO-AG-3M mobile workshop;;;;;;;;;;;;MTO-AG-3M mobile workshop;;
RU;Engineering Vehicles And Equipment ;ARS-14 decontamination and degassing vehicle;;;;;;;;;;;;ARS-14 decontamination and degassing vehicle;;
RU;Engineering Vehicles And Equipment ;Uran-6 mine-clearing robotic system;;;;;;;;;;;;Uran-6 mine-clearing robotic system;;
RU;Engineering Vehicles And Equipment ;ISDM Zemledeliye remote mine-laying system;;;;;;;;;;;;ISDM Zemledeliye remote mine-laying system;;
RU;Engineering Vehicles And Equipment ;ZiL-131 UMZ mine laying vehicle;;;;;;;;;;;;ZiL-131 UMZ mine laying vehicle;;
RU;Engineering Vehicles And Equipment ;TDA-3 mobile smoke generator;;;;;;;;;;;;TDA-3 mobile smoke generator;;
RU;Engineering Vehicles And Equipment ;APA-80 engine starting vehicle;;;;;;;;;;;;APA-80 engine starting vehicle;;
RU;Engineering Vehicles And Equipment ;MZA-M.1 battery charge and repair workshop;;;;;;;;;;;;MZA-M.1 battery charge and repair workshop;;
RU;Self-Propelled Anti-Tank Missile Systems;9P148 Konkurs;;;;;;;;;;;;9P148 Konkurs;;
RU;Self-Propelled Anti-Tank Missile Systems;9P149 Shturm-S;;;;;;;;;;;;9P149 Shturm-S;;
RU;Self-Propelled Anti-Tank Missile Systems;9P163M-1 Kornet-T;;;;;;;;;;;;9P163M-1 Kornet-T;;
RU;Artillery Support Vehicles And Equipment;1V110 BM-21 Grad battery command vehicle;;;;;;;;;;;;1V110 BM-21 Grad battery command vehicle;;
RU;Artillery Support Vehicles And Equipment;1V13(M) battery fire control center;;;;;;;;;;;;1V13(M) battery fire control center;;
RU;Artillery Support Vehicles And Equipment;1V14 battery command and forward observer vehicle;;;;;;;;;;;;1V14 battery command and forward observer vehicle;;
RU;Artillery Support Vehicles And Equipment;1V15M fire control and observation vehicle;;;;;;;;;;;;1V15M fire control and observation vehicle;;
RU;Artillery Support Vehicles And Equipment;1V16battalion fire direction vehicle;;;;;;;;;;;;1V16battalion fire direction vehicle;;
RU;Artillery Support Vehicles And Equipment;1V18 'Klyon-1' artillery command and forward observer vehicle;;;;;;;;;;;;1V18 'Klyon-1' artillery command and forward observer vehicle;;
RU;Artillery Support Vehicles And Equipment;1V119 artillery fire direction vehicle;;;;;;;;;;;;1V119 artillery fire direction vehicle;;
RU;Artillery Support Vehicles And Equipment;1V1003 command and observation vehicle (for 1V198 artillery fire control system);;;;;;;;;;;;1V1003 command and observation vehicle (for 1V198 artillery fire control system);;
RU;Artillery Support Vehicles And Equipment;9T452 transporter-loader (for BM-27 Uragan MRL);;;;;;;;;;;;9T452 transporter-loader (for BM-27 Uragan MRL);;
RU;Artillery Support Vehicles And Equipment;TZM 9T234-2 transporter-loader (for BM-30 Smerch);;;;;;;;;;;;TZM 9T234-2 transporter-loader (for BM-30 Smerch);;
RU;Artillery Support Vehicles And Equipment;TZM-T reloader vehicle (for TOS-1A);;;;;;;;;;;;TZM-T reloader vehicle (for TOS-1A);;
RU;Artillery Support Vehicles And Equipment;PRP-4(M) artillery reconnaissance vehicle;;;;;;;;;;;;PRP-4(M) artillery reconnaissance vehicle;;
RU;Artillery Support Vehicles And Equipment;PRP-4A Argus artillery reconnaissance vehicle;;;;;;;;;;;;PRP-4A Argus artillery reconnaissance vehicle;;
RU;Towed Artillery ;82mm 2B9 Vasilek automatic gun mortar;;;;;;;;;;;;82mm 2B9 Vasilek automatic gun mortar;;
RU;Towed Artillery ;100mm MT-12 anti-tank gun;;;;;;;;;;;;100mm MT-12 anti-tank gun;;
RU;Towed Artillery ;120mm 2B16 Nona-K gun mortar;;;;;;;;;;;;120mm 2B16 Nona-K gun mortar;;
RU;Towed Artillery ;122mm D-30 howitzer;;;;;;;;;;;;122mm D-30 howitzer;;
RU;Towed Artillery ;152mm D-20 gun-howitzer;;;;;;;;;;;;152mm D-20 gun-howitzer;;
RU;Towed Artillery ;152mm 2A65 Msta-B howitzer;;;;;;;;;;;;152mm 2A65 Msta-B howitzer;;
RU;Towed Artillery ;152mm2A36 Giatsint-B field-gun;;;;;;;;;;;;152mm2A36 Giatsint-B field-gun;;
RU;Towed Artillery ;Unknown towed artillery;;;;;;;;;;;;Unknown towed artillery;;
RU;Self-Propelled Artillery ;120mm 2S9 Nona;;;;;;;;;;;;120mm 2S9 Nona;;
RU;Self-Propelled Artillery ;120mm 2S23 Nona-SVK;;;;;;;;;;;;120mm 2S23 Nona-SVK;;
RU;Self-Propelled Artillery ;120mm 2S34 Khosta;;;;;;;;;;;;120mm 2S34 Khosta;;
RU;Self-Propelled Artillery ;122mm 2S1 Gvozdika;;;;;;;;;;;;122mm 2S1 Gvozdika;;
RU;Self-Propelled Artillery ;152mm 2S3(M) Akatsiya;;;;;;;;;;;;152mm 2S3(M) Akatsiya;;
RU;Self-Propelled Artillery ;152mm2S5 Giatsint-S;;;;;;;;;;;;152mm2S5 Giatsint-S;;
RU;Self-Propelled Artillery ;152mm 2S19 Msta-S;;;;;;;;;;;;152mm 2S19 Msta-S;;
RU;Self-Propelled Artillery ;152mm 2S33 Msta-SM2;;;;;;;;;;;;152mm 2S33 Msta-SM2;;
RU;Self-Propelled Artillery ;203mm 2S7(M) Pion/Malka;;;;;;;;;;;;203mm 2S7(M) Pion/Malka;;
RU;Self-Propelled Artillery ;240mm 2S4 Tyulpan;;;;;;;;;;;;240mm 2S4 Tyulpan;;
RU;Self-Propelled Artillery ;Unknown SPG;;;;;;;;;;;;Unknown SPG;;
RU;Multiple Rocket Launchers ;122mm BM-21 Grad;;;;;;;;;;;;122mm BM-21 Grad;;
RU;Multiple Rocket Launchers ;122mm 9P138 Grad-1;;;;;;;;;;;;122mm 9P138 Grad-1;;
RU;Multiple Rocket Launchers ;122mm 2B26 Grad-K;;;;;;;;;;;;122mm 2B26 Grad-K;;
RU;Multiple Rocket Launchers ;122mm 2B17 Tornado-G;;;;;;;;;;;;122mm 2B17 Tornado-G;;
RU;Multiple Rocket Launchers ;MT-LB with 140mm Ogon-18 MRLS;;;;;;;;;;;;MT-LB with 140mm Ogon-18 MRLS;;
RU;Multiple Rocket Launchers ;220mm TOS-1A;;;;;;;;;;;;220mm TOS-1A;;
RU;Multiple Rocket Launchers ;220mm BM-27 Uragan;;;;;;;;;;;;220mm BM-27 Uragan;;
RU;Multiple Rocket Launchers ;300mm BM-30 Smerch;;;;;;;;;;;;300mm BM-30 Smerch;;
RU;Multiple Rocket Launchers ;Unknown MRL;;;;;;;;;;;;Unknown MRL;;
RU;Anti-Aircraft Guns ;23mm ZU-23-2;;;;;;;;;;;;23mm ZU-23-2;;
RU;Anti-Aircraft Guns ;57mm AZP S-60;;;;;;;;;;;;57mm AZP S-60;;
RU;Self-Propelled Anti-Aircraft Guns ;BTR-ZD Skrezhet;;;;;;;;;;;;BTR-ZD Skrezhet;;
RU;Self-Propelled Anti-Aircraft Guns ;ZSU-23-4 Shilka;;;;;;;;;;;;ZSU-23-4 Shilka;;
RU;Self-Propelled Anti-Aircraft Guns ;2K22M1 Tunguska;;;;;;;;;;;;2K22M1 Tunguska;;
RU;Surface-To-Air Missile Systems ;9K33 Osa;;;;;;;;;;;;9K33 Osa;;
RU;Surface-To-Air Missile Systems ;9K35 Strela-10;;;;;;;;;;;;9K35 Strela-10;;
RU;Surface-To-Air Missile Systems ;9A310M1-2 TELAR;;;;;;;;;;;;9A310M1-2 TELAR;;
RU;Surface-To-Air Missile Systems ;9A39M1-2 TEL (for Buk-M1-2);;;;;;;;;;;;9A39M1-2 TEL (for Buk-M1-2);;
RU;Surface-To-Air Missile Systems ;9A317 TELAR;;;;;;;;;;;;9A317 TELAR;;
RU;Surface-To-Air Missile Systems ;9A316 TEL (for Buk-M2);;;;;;;;;;;;9A316 TEL (for Buk-M2);;
RU;Surface-To-Air Missile Systems ;Unknown Buk M1-2/M2/M3 TEL(AR);;;;;;;;;;;;Unknown Buk M1-2/M2/M3 TEL(AR);;
RU;Surface-To-Air Missile Systems ;9A317M TELAR (for Buk-M3);;;;;;;;;;;;9A317M TELAR (for Buk-M3);;
RU;Surface-To-Air Missile Systems ;9A330 TLAR (for 9K330 Tor);;;;;;;;;;;;9A330 TLAR (for 9K330 Tor);;
RU;Surface-To-Air Missile Systems ;9A331 TLAR (for 9K331 Tor-M1);;;;;;;;;;;;9A331 TLAR (for 9K331 Tor-M1);;
RU;Surface-To-Air Missile Systems ;9A331M TLAR (for 9K332 Tor-M2);;;;;;;;;;;;9A331M TLAR (for 9K332 Tor-M2);;
RU;Surface-To-Air Missile Systems ;9K331MDT TLAR Tor-M2DT;;;;;;;;;;;;9K331MDT TLAR Tor-M2DT;;
RU;Surface-To-Air Missile Systems ;Unknown Tor TLAR;;;;;;;;;;;;Unknown Tor TLAR;;
RU;Surface-To-Air Missile Systems ;Pantsir-S1;;;;;;;;;;;;Pantsir-S1;;
RU;Surface-To-Air Missile Systems ;5P85SD/SM (launcher for S-300 PMU(-1));;;;;;;;;;;;5P85SD/SM (launcher for S-300 PMU(-1));;
RU;Surface-To-Air Missile Systems ;9A83M2 TELAR (forS-300V4);;;;;;;;;;;;9A83M2 TELAR (forS-300V4);;
RU;Surface-To-Air Missile Systems ;9A84-2 TEL (forS-300V4);;;;;;;;;;;;9A84-2 TEL (forS-300V4);;
RU;Surface-To-Air Missile Systems ;5P85T2 (launcher for S-400);;;;;;;;;;;;5P85T2 (launcher for S-400);;
RU;Surface-To-Air Missile Systems ;5P85SM2-01 (launcher for S-400);;;;;;;;;;;;5P85SM2-01 (launcher for S-400);;
RU;Radars ;9S36 (for Buk-M2);;;;;;;;;;;;9S36 (for Buk-M2);;
RU;Radars ;9S18 Kupol (for Buk-M1-2/M2);;;;;;;;;;;;9S18 Kupol (for Buk-M1-2/M2);;
RU;Radars ;9S18M1(-2) (for Buk-M2);;;;;;;;;;;;9S18M1(-2) (for Buk-M2);;
RU;Radars ;9S18M1(-3) (for Buk-M3);;;;;;;;;;;;9S18M1(-3) (for Buk-M3);;
RU;Radars ;9S36M (for Buk-M3);;;;;;;;;;;;9S36M (for Buk-M3);;
RU;Radars ;9S32M1 (forS-300V);;;;;;;;;;;;9S32M1 (forS-300V);;
RU;Radars ;9S19M2 (for S-300V);;;;;;;;;;;;9S19M2 (for S-300V);;
RU;Radars ;"5N63S ""Flap Lid B"" engagement and tracking radar of the S-300";;;;;;;;;;;;"5N63S ""Flap Lid B"" engagement and tracking radar of the S-300";;
RU;Radars ;92N6A (for S-400);;;;;;;;;;;;92N6A (for S-400);;
RU;Radars ;PPRU-1(M) '9S80(-1)' 'Sborka' (for 9K35 Strela-10);;;;;;;;;;;;PPRU-1(M) '9S80(-1)' 'Sborka' (for 9K35 Strela-10);;
RU;Radars ;Repeynik portable counter-UAS radar;;;;;;;;;;;;Repeynik portable counter-UAS radar;;
RU;Radars ;Fara ground surveillance radar;;;;;;;;;;;;Fara ground surveillance radar;;
RU;Radars ;1L271 Aistyonok portable mortar locating reconnaissance radar;;;;;;;;;;;;1L271 Aistyonok portable mortar locating reconnaissance radar;;
RU;Radars ;Sobolyatnik 1L277 portable ground reconnaissance radar;;;;;;;;;;;;Sobolyatnik 1L277 portable ground reconnaissance radar;;
RU;Radars ;SNAR-10M1 battlefield surveillance radar;;;;;;;;;;;;SNAR-10M1 battlefield surveillance radar;;
RU;Radars ;1L219 (for Zoopark counter-battery radar complex);;;;;;;;;;;;1L219 (for Zoopark counter-battery radar complex);;
RU;Radars ;1L259(for Zoopark-1 counter-battery radar complex);;;;;;;;;;;;1L259(for Zoopark-1 counter-battery radar complex);;
RU;Radars ;1L261 (for 1L260 Zoopark-1M counter-battery radar complex);;;;;;;;;;;;1L261 (for 1L260 Zoopark-1M counter-battery radar complex);;
RU;Radars ;P-18T surveillance radar;;;;;;;;;;;;P-18T surveillance radar;;
RU;Radars ;P-18-2 2D VHF surveillance radar;;;;;;;;;;;;P-18-2 2D VHF surveillance radar;;
RU;Radars ;48Ya6-K1 Podlet-K1 low-altitude S-band surveillance radar;;;;;;;;;;;;48Ya6-K1 Podlet-K1 low-altitude S-band surveillance radar;;
RU;Radars ;1L119 Nebo-SVU VHF multi-functional radar;;;;;;;;;;;;1L119 Nebo-SVU VHF multi-functional radar;;
RU;Radars ;55Zh6U Nebo-U air surveillance radar;;;;;;;;;;;;55Zh6U Nebo-U air surveillance radar;;
RU;Radars ;1RL239 Ark-1(M) counter-battery radar;;;;;;;;;;;;1RL239 Ark-1(M) counter-battery radar;;
RU;Radars ;Predel coastal defence radar;;;;;;;;;;;;Predel coastal defence radar;;
RU;Radars ;Unknown radar;;;;;;;;;;;;Unknown radar;;
RU;Jammers And Deception Systems ;325BMV jamming station;;;;;;;;;;;;325BMV jamming station;;
RU;Jammers And Deception Systems ;R-330BMV and R-394BMV Borisoglebsk-2B;;;;;;;;;;;;R-330BMV and R-394BMV Borisoglebsk-2B;;
RU;Jammers And Deception Systems ;R-330ZH Zhitel;;;;;;;;;;;;R-330ZH Zhitel;;
RU;Jammers And Deception Systems ;R-330M1P Diabazol;;;;;;;;;;;;R-330M1P Diabazol;;
RU;Jammers And Deception Systems ;R-934UM;;;;;;;;;;;;R-934UM;;
RU;Jammers And Deception Systems ;R-934B 'Sinitsa' automated jamming station;;;;;;;;;;;;R-934B 'Sinitsa' automated jamming station;;
RU;Jammers And Deception Systems ;1L262E Rtut-BM;;;;;;;;;;;;1L262E Rtut-BM;;
RU;Jammers And Deception Systems ;Torn(-MDM);;;;;;;;;;;;Torn(-MDM);;
RU;Jammers And Deception Systems ;Silok-01 counter-UAV system;;;;;;;;;;;;Silok-01 counter-UAV system;;
RU;Jammers And Deception Systems ;Strizh-3 counter-UAV system;;;;;;;;;;;;Strizh-3 counter-UAV system;;
RU;Jammers And Deception Systems ;1RL257 Krasukha-4 (command post);;;;;;;;;;;;1RL257 Krasukha-4 (command post);;
RU;Jammers And Deception Systems ;Leer-2 electronic warfare system;;;;;;;;;;;;Leer-2 electronic warfare system;;
RU;Jammers And Deception Systems ;Leer-3 electronic warfare system;;;;;;;;;;;;Leer-3 electronic warfare system;;
RU;Jammers And Deception Systems ;RLK-MC-A (ROSC-1) counter-UAV system;;;;;;;;;;;;RLK-MC-A (ROSC-1) counter-UAV system;;
RU;Jammers And Deception Systems ;RB-636AM2 Svet-KU EW system;;;;;;;;;;;;RB-636AM2 Svet-KU EW system;;
RU;Jammers And Deception Systems ;Palantin EW system;;;;;;;;;;;;Palantin EW system;;
RU;Jammers And Deception Systems ;RP-377LA Lorandit;;;;;;;;;;;;RP-377LA Lorandit;;
RU;Jammers And Deception Systems ;Unknown EW system;;;;;;;;;;;;Unknown EW system;;
RU;Aircraft;MiG-31BM fighter aircraft;;;;;;;;;;;;MiG-31BM fighter aircraft;;
RU;Aircraft;Su-30SM multirole aircraft;;;;;;;;;;;;Su-30SM multirole aircraft;;
RU;Aircraft;Su-35S multirole aircraft;;;;;;;;;;;;Su-35S multirole aircraft;;
RU;Aircraft;Su-25 close air support aircraft;;;;;;;;;;;;Su-25 close air support aircraft;;
RU;Aircraft;Su-24M strike aircraft;;;;;;;;;;;;Su-24M strike aircraft;;
RU;Aircraft;Su-24MR tactical reconnaissance aircraft;;;;;;;;;;;;Su-24MR tactical reconnaissance aircraft;;
RU;Aircraft;Su-24M/MR strike/tactical reconnaissance aircraft;;;;;;;;;;;;Su-24M/MR strike/tactical reconnaissance aircraft;;
RU;Aircraft;Su-34 strike aircraft;;;;;;;;;;;;Su-34 strike aircraft;;
RU;Aircraft;Su-34M strike aircraft;;;;;;;;;;;;Su-34M strike aircraft;;
RU;Aircraft;Unknown fighter jet;;;;;;;;;;;;Unknown fighter jet;;
RU;Aircraft;Tu-22M3 strategic bomber;;;;;;;;;;;;Tu-22M3 strategic bomber;;
RU;Aircraft;Tu-95MS strategic bomber;;;;;;;;;;;;Tu-95MS strategic bomber;;
RU;Aircraft;Il-22 airborne command post;;;;;;;;;;;;Il-22 airborne command post;;
RU;Aircraft;An-26 transport aircraft;;;;;;;;;;;;An-26 transport aircraft;;
RU;Aircraft;Il-76 transport aircraft;;;;;;;;;;;;Il-76 transport aircraft;;
RU;Helicopters;Mi-8 transport helicopter;;;;;;;;;;;;Mi-8 transport helicopter;;
RU;Helicopters;Mi-8MTPR-1 electronic warfare helicopter;;;;;;;;;;;;Mi-8MTPR-1 electronic warfare helicopter;;
RU;Helicopters;Mi-24P attack helicopter;;;;;;;;;;;;Mi-24P attack helicopter;;
RU;Helicopters;Mi-24V/P/35M attack helicopter;;;;;;;;;;;;Mi-24V/P/35M attack helicopter;;
RU;Helicopters;Mi-35M attack helicopter;;;;;;;;;;;;Mi-35M attack helicopter;;
RU;Helicopters;Mi-28 attack helicopter;;;;;;;;;;;;Mi-28 attack helicopter;;
RU;Helicopters;Ka-52 Alligator attack helicopter;;;;;;;;;;;;Ka-52 Alligator attack helicopter;;
RU;Helicopters;Unknown helicopter;;;;;;;;;;;;Unknown helicopter;;
RU;Unmanned Combat Aerial Vehicles;Orion;;;;;;;;;;;;Orion;;
RU;Unmanned Combat Aerial Vehicles;Korsar;;;;;;;;;;;;Korsar;;
RU;Unmanned Combat Aerial Vehicles;Forpost-RU;;;;;;;;;;;;Forpost-RU;;
RU;Unmanned Combat Aerial Vehicles;Mohajer-6;;;;;;;;;;;;Mohajer-6;;
RU;Unmanned Combat Aerial Vehicles;Orlan-10 UCAV;;;;;;;;;;;;Orlan-10 UCAV;;
RU;Unmanned Combat Aerial Vehicles;Eleron T-16;;;;;;;;;;;;Eleron T-16;;
RU;Reconnaissance Unmanned Aerial Vehicles;Forpost;;;;;;;;;;;;Forpost;;
RU;Reconnaissance Unmanned Aerial Vehicles;Orlan-10;;;;;;;;;;;;Orlan-10;;
RU;Reconnaissance Unmanned Aerial Vehicles;Orlan-10 jamming UAV;;;;;;;;;;;;Orlan-10 jamming UAV;;
RU;Reconnaissance Unmanned Aerial Vehicles;'Orlan-20' ''Kartograf'';;;;;;;;;;;;'Orlan-20' ''Kartograf'';;
RU;Reconnaissance Unmanned Aerial Vehicles;Orlan-30;;;;;;;;;;;;Orlan-30;;
RU;Reconnaissance Unmanned Aerial Vehicles;Granat-3;;;;;;;;;;;;Granat-3;;
RU;Reconnaissance Unmanned Aerial Vehicles;Granat-4;;;;;;;;;;;;Granat-4;;
RU;Reconnaissance Unmanned Aerial Vehicles;Eleron-3;;;;;;;;;;;;Eleron-3;;
RU;Reconnaissance Unmanned Aerial Vehicles;Eleron-3SV;;;;;;;;;;;;Eleron-3SV;;
RU;Reconnaissance Unmanned Aerial Vehicles;Eleron-10;;;;;;;;;;;;Eleron-10;;
RU;Reconnaissance Unmanned Aerial Vehicles;Eleron T28ME;;;;;;;;;;;;Eleron T28ME;;
RU;Reconnaissance Unmanned Aerial Vehicles;Takhion;;;;;;;;;;;;Takhion;;
RU;Reconnaissance Unmanned Aerial Vehicles;ZALA 421-16E;;;;;;;;;;;;ZALA 421-16E;;
RU;Reconnaissance Unmanned Aerial Vehicles;ZALA 421-16EM;;;;;;;;;;;;ZALA 421-16EM;;
RU;Reconnaissance Unmanned Aerial Vehicles;Merlin-VR;;;;;;;;;;;;Merlin-VR;;
RU;Reconnaissance Unmanned Aerial Vehicles;Lastochka-M;;;;;;;;;;;;Lastochka-M;;
RU;Reconnaissance Unmanned Aerial Vehicles;Supercam S150;;;;;;;;;;;;Supercam S150;;
RU;Reconnaissance Unmanned Aerial Vehicles;Supercam S350;;;;;;;;;;;;Supercam S350;;
RU;Reconnaissance Unmanned Aerial Vehicles;Grifon-12;;;;;;;;;;;;Grifon-12;;
RU;Naval Shipsand Submarines ;Project 1164 Slava-class guided missile cruiser;;;;;;;;;;;;Project 1164 Slava-class guided missile cruiser;;
RU;Naval Shipsand Submarines ;Project 636.3 Improved Kilo-class submarine;;;;;;;;;;;;Project 636.3 Improved Kilo-class submarine;;
RU;Naval Shipsand Submarines ;Project 03160 Raptor-class patrol boat;;;;;;;;;;;;Project 03160 Raptor-class patrol boat;;
RU;Naval Shipsand Submarines ;Project 02510 BK-16E high-speed assault boat;;;;;;;;;;;;Project 02510 BK-16E high-speed assault boat;;
RU;Naval Shipsand Submarines ;Project 640 small patrol boat;;;;;;;;;;;;Project 640 small patrol boat;;
RU;Naval Shipsand Submarines ;Project 1171 Tapir-class landing ship;;;;;;;;;;;;Project 1171 Tapir-class landing ship;;
RU;Naval Shipsand Submarines ;Project 775 Ropucha-class landing ship;;;;;;;;;;;;Project 775 Ropucha-class landing ship;;
RU;Naval Shipsand Submarines ;Project 11770 Serna-class landing craft;;;;;;;;;;;;Project 11770 Serna-class landing craft;;
RU;Naval Shipsand Submarines ;Project 22870 rescue tug;;;;;;;;;;;;Project 22870 rescue tug;;
RU;Naval Shipsand Submarines ;Project 266M Natya-class minesweeper;;;;;;;;;;;;Project 266M Natya-class minesweeper;;
RU;Trucks, Vehicles, and Jeeps;GAZ-51;;;;;;;;;;;;GAZ-51;;
RU;Trucks, Vehicles, and Jeeps;GAZ-66;;;;;;;;;;;;GAZ-66;;
RU;Trucks, Vehicles, and Jeeps;KrAZ-255B;;;;;;;;;;;;KrAZ-255B;;
RU;Trucks, Vehicles, and Jeeps;KrAZ-255B tanker;;;;;;;;;;;;KrAZ-255B tanker;;
RU;Trucks, Vehicles, and Jeeps;KrAZ-260 tanker;;;;;;;;;;;;KrAZ-260 tanker;;
RU;Trucks, Vehicles, and Jeeps;ZiL-131;;;;;;;;;;;;ZiL-131;;
RU;Trucks, Vehicles, and Jeeps;ZiL-131 tanker;;;;;;;;;;;;ZiL-131 tanker;;
RU;Trucks, Vehicles, and Jeeps;2F77M transloading vehicle for 2K22M Tunguska-M;;;;;;;;;;;;2F77M transloading vehicle for 2K22M Tunguska-M;;
RU;Trucks, Vehicles, and Jeeps;9T217 transloader (for 9K33 Osa);;;;;;;;;;;;9T217 transloader (for 9K33 Osa);;
RU;Trucks, Vehicles, and Jeeps;9T244 transloader (for 9A330/1 Tor);;;;;;;;;;;;9T244 transloader (for 9A330/1 Tor);;
RU;Trucks, Vehicles, and Jeeps;Truck-based support equipment (for S-400);;;;;;;;;;;;Truck-based support equipment (for S-400);;
RU;Trucks, Vehicles, and Jeeps;GAZ-3308;;;;;;;;;;;;GAZ-3308;;
RU;Trucks, Vehicles, and Jeeps;GAZ Sobol;;;;;;;;;;;;GAZ Sobol;;
RU;Trucks, Vehicles, and Jeeps;Ural-375D;;;;;;;;;;;;Ural-375D;;
RU;Trucks, Vehicles, and Jeeps;Ural-375D tanker;;;;;;;;;;;;Ural-375D tanker;;
RU;Trucks, Vehicles, and Jeeps;Ural-4320;;;;;;;;;;;;Ural-4320;;
RU;Trucks, Vehicles, and Jeeps;Ural-4320 tanker;;;;;;;;;;;;Ural-4320 tanker;;
RU;Trucks, Vehicles, and Jeeps;Ural Avtozaks;;;;;;;;;;;;Ural Avtozaks;;
RU;Trucks, Vehicles, and Jeeps;Ural-43206;;;;;;;;;;;;Ural-43206;;
RU;Trucks, Vehicles, and Jeeps;Ural Federal;;;;;;;;;;;;Ural Federal;;
RU;Trucks, Vehicles, and Jeeps;Ural-5323;;;;;;;;;;;;Ural-5323;;
RU;Trucks, Vehicles, and Jeeps;Ural-63704-0010 Tornado-U;;;;;;;;;;;;Ural-63704-0010 Tornado-U;;
RU;Trucks, Vehicles, and Jeeps;Ural-542301 tank transporter;;;;;;;;;;;;Ural-542301 tank transporter;;
RU;Trucks, Vehicles, and Jeeps;Ural-63501-AT;;;;;;;;;;;;Ural-63501-AT;;
RU;Trucks, Vehicles, and Jeeps;MAZ TZ-500 tanker;;;;;;;;;;;;MAZ TZ-500 tanker;;
RU;Trucks, Vehicles, and Jeeps;MAZ 531605 tanker;;;;;;;;;;;;MAZ 531605 tanker;;
RU;Trucks, Vehicles, and Jeeps;KamAZ 4x4;;;;;;;;;;;;KamAZ 4x4;;
RU;Trucks, Vehicles, and Jeeps;KamAZ 6x4;;;;;;;;;;;;KamAZ 6x4;;
RU;Trucks, Vehicles, and Jeeps;KamAZ 6x6;;;;;;;;;;;;KamAZ 6x6;;
RU;Trucks, Vehicles, and Jeeps;KamAZ 6x6 tanker;;;;;;;;;;;;KamAZ 6x6 tanker;;
RU;Trucks, Vehicles, and Jeeps;KamAZ 8x8;;;;;;;;;;;;KamAZ 8x8;;
RU;Trucks, Vehicles, and Jeeps;KamAZ 8x8 tanker;;;;;;;;;;;;KamAZ 8x8 tanker;;
RU;Trucks, Vehicles, and Jeeps;KamAZ Avtozaks;;;;;;;;;;;;KamAZ Avtozaks;;
RU;Trucks, Vehicles, and Jeeps;KamAZ-5350 with armoured cabin;;;;;;;;;;;;KamAZ-5350 with armoured cabin;;
RU;Trucks, Vehicles, and Jeeps;KamAZ with MM-501 armoured cabin;;;;;;;;;;;;KamAZ with MM-501 armoured cabin;;
RU;Trucks, Vehicles, and Jeeps;KamAZ-6350 8x8 artillery tractor;;;;;;;;;;;;KamAZ-6350 8x8 artillery tractor;;
RU;Trucks, Vehicles, and Jeeps;KamAZ tank low-loader;;;;;;;;;;;;KamAZ tank low-loader;;
RU;Trucks, Vehicles, and Jeeps;KamAZ 'Gorets' 3958;;;;;;;;;;;;KamAZ 'Gorets' 3958;;
RU;Trucks, Vehicles, and Jeeps;UAZ-469 jeep;;;;;;;;;;;;UAZ-469 jeep;;
RU;Trucks, Vehicles, and Jeeps;UAZ-452 van;;;;;;;;;;;;UAZ-452 van;;
RU;Trucks, Vehicles, and Jeeps;UAZ-3303;;;;;;;;;;;;UAZ-3303;;
RU;Trucks, Vehicles, and Jeeps;LuAZ-969;;;;;;;;;;;;LuAZ-969;;
RU;Trucks, Vehicles, and Jeeps;UAZ Patriot jeep;;;;;;;;;;;;UAZ Patriot jeep;;
RU;Trucks, Vehicles, and Jeeps;UAZ-3151;;;;;;;;;;;;UAZ-3151;;
RU;Trucks, Vehicles, and Jeeps;UAZ-31514;;;;;;;;;;;;UAZ-31514;;
RU;Trucks, Vehicles, and Jeeps;UAZ-23631 pickup truck;;;;;;;;;;;;UAZ-23631 pickup truck;;
RU;Trucks, Vehicles, and Jeeps;UAZ-23632-148-64 armed pickup truck;;;;;;;;;;;;UAZ-23632-148-64 armed pickup truck;;
RU;Trucks, Vehicles, and Jeeps;UAZ-394511 'Esaul';;;;;;;;;;;;UAZ-394511 'Esaul';;
RU;Trucks, Vehicles, and Jeeps;UAZ-515195 'Esaul';;;;;;;;;;;;UAZ-515195 'Esaul';;
RU;Trucks, Vehicles, and Jeeps;UAZ-39094;;;;;;;;;;;;UAZ-39094;;
RU;Trucks, Vehicles, and Jeeps;Unknown fuel tanker;;;;;;;;;;;;Unknown fuel tanker;;
RU;Trucks, Vehicles, and Jeeps;(Unknown) truck;;;;;;;;;;;;(Unknown) truck;;
RU;Trucks, Vehicles, and Jeeps;(Unknown) vehicle;;;;;;;;;;;;(Unknown) vehicle;;
UA;Tanks;M-55S;;;;;;;;;;;;M-55S;;
UA;Tanks;T-64A;;;;;;;;;;;;T-64B;;
UA;Tanks;T-64B;;;;;;;;;;;;T-64BV Zr. 2017;;
UA;Tanks;T-64BV;;;;;;;;;;;;T-64B1M;;
UA;Tanks;T-64BV Zr. 2017;;;;;;;;;;;;T-64BM 'Bulat';;
UA;Tanks;T-64B1M;;;;;;;;;;;;T-64BM2 'Bulat';;
UA;Tanks;T-64BM 'Bulat';;;;;;;;;;;;Unknown T-64;;
UA;Tanks;T-64BM2 'Bulat';;;;;;;;;;;;T-72M/M1(R);;
UA;Tanks;Unknown T-64;;;;;;;;;;;;T-72EA;;
UA;Tanks;T-72 'Ural';;;;;;;;;;;;T-72AMT;;
UA;Tanks;T-72M/M1(R);;;;;;;;;;;;T-72AMT Zr.2022;;
UA;Tanks;T-72EA;;;;;;;;;;;;PT-91 Twardy;;
UA;Tanks;T-72AV;;;;;;;;;;;;Leopard 2A4;;
UA;Tanks;T-72B;;;;;;;;;;;;Leopard 2A6;;
UA;Tanks;T-72AMT;;;;;;;;;;;;Stridsvagn 122;;
UA;Tanks;T-72AMT Zr.2022;;;;;;;;;;;;Challenger 2;;
UA;Tanks;PT-91 Twardy;;;;;;;;;;;;AMX-10 RC(R);;
UA;Tanks;Unknown T-72;;;;;;;;;;;;BRDM-2L1;;
UA;Tanks;T-80BV;;;;;;;;;;;;Vepr;;
UA;Tanks;Leopard 2A4;;;;;;;;;;;;MT-LB with BPU-1 turret;;
UA;Tanks;Leopard 2A6;;;;;;;;;;;;MT-LB with 85mm D-44 gun;;
UA;Tanks;Stridsvagn 122;;;;;;;;;;;;BTS-4 ARV with ZU-23 AA gun;;
UA;Tanks;Challenger 2;;;;;;;;;;;;MT-LB-S Ambulance;;
UA;Tanks;Unknown tank;;;;;;;;;;;;BMM-70 Ambulance;;
UA;Armoured Fighting Vehicles;AMX-10 RC(R);;;;;;;;;;;;BMM-4C Ambulance;;
UA;Armoured Fighting Vehicles;BRM-1(K) reconnaissance vehicle;;;;;;;;;;;;BMP-1TS;;
UA;Armoured Fighting Vehicles;BRDM-2;;;;;;;;;;;;BMP-1U Shkval;;
UA;Armoured Fighting Vehicles;BRDM-2L1;;;;;;;;;;;;BWP-1;;
UA;Armoured Fighting Vehicles;BRDM-2RKhb chemical reconnaissance vehicle;;;;;;;;;;;;Pbv 501A;;
UA;Armoured Fighting Vehicles;Vepr;;;;;;;;;;;;BVP M-80A;;
UA;Armoured Fighting Vehicles;MT-LB;;;;;;;;;;;;PRP-3 with a BMD-2 turret;;
UA;Armoured Fighting Vehicles;MT-LB with ZU-23 AA gun;;;;;;;;;;;;PRP-3 with a BMP-1 turret;;
UA;Armoured Fighting Vehicles;MT-LB with BPU-1 turret;;;;;;;;;;;;M2A2 Bradley ODS-SA;;
UA;Armoured Fighting Vehicles;MT-LB with 85mm D-44 gun;;;;;;;;;;;;CV9040C;;
UA;Armoured Fighting Vehicles;BTS-4 ARV with ZU-23 AA gun;;;;;;;;;;;;Marder 1A3;;
UA;Armoured Fighting Vehicles;MT-LBu;;;;;;;;;;;;BTR-3;;
UA;Armoured Fighting Vehicles;MT-LB-S Ambulance;;;;;;;;;;;;BTR-4;;
UA;Armoured Fighting Vehicles;BMM-70 Ambulance;;;;;;;;;;;;KTO Rosomak;;
UA;Armoured Fighting Vehicles;BMM-4C Ambulance;;;;;;;;;;;;BTR-7;;
UA;Armoured Fighting Vehicles;Unknown AFV;;;;;;;;;;;;BTR-80M;;
UA;Infantry Fighting Vehicles;BMP-1(P);;;;;;;;;;;;GT-MU AFV converted to APC;;
UA;Infantry Fighting Vehicles;BMP-1TS;;;;;;;;;;;;Unknown BTR;;
UA;Infantry Fighting Vehicles;BMP-1U Shkval;;;;;;;;;;;;YPR-765;;
UA;Infantry Fighting Vehicles;BWP-1;;;;;;;;;;;;M113;;
UA;Infantry Fighting Vehicles;Pbv 501A;;;;;;;;;;;;M113AS4;;
UA;Infantry Fighting Vehicles;BVP M-80A;;;;;;;;;;;;M113G3DK/G4DK;;
UA;Infantry Fighting Vehicles;BMP-2(K);;;;;;;;;;;;FV103 Spartan;;
UA;Infantry Fighting Vehicles;Unknown BMP-1/2;;;;;;;;;;;;VAB;;
UA;Infantry Fighting Vehicles;PRP-3 with a BMD-2 turret;;;;;;;;;;;;Sisu XA-185;;
UA;Infantry Fighting Vehicles;PRP-3 with a BMP-1 turret;;;;;;;;;;;;M1126 Stryker;;
UA;Infantry Fighting Vehicles;BMD-2;;;;;;;;;;;;KrAZ-MPV Shrek One;;
UA;Infantry Fighting Vehicles;M2A2 Bradley ODS-SA;;;;;;;;;;;;KrAZ-Forpost;;
UA;Infantry Fighting Vehicles;CV9040C;;;;;;;;;;;;Alvis 4 'Mamba';;
UA;Infantry Fighting Vehicles;Marder 1A3;;;;;;;;;;;;Mastiff Protected Patrol;;
UA;Infantry Fighting Vehicles;BTR-3;;;;;;;;;;;;Wolfhound Protected Patrol;;
UA;Infantry Fighting Vehicles;BTR-4;;;;;;;;;;;;Bushmaster Protected Mobility Vehicle;;
UA;Infantry Fighting Vehicles;KTO Rosomak;;;;;;;;;;;;International M1224 MaxxPro;;
UA;Armoured Personnel Carriers;BTR-60PB;;;;;;;;;;;;Oshkosh M-ATV;;
UA;Armoured Personnel Carriers;BTR-70;;;;;;;;;;;;ATF Dingo;;
UA;Armoured Personnel Carriers;BTR-70M;;;;;;;;;;;;BMC Kirpi;;
UA;Armoured Personnel Carriers;BTR-7;;;;;;;;;;;;KrAZ Cobra;;
UA;Armoured Personnel Carriers;BTR-80;;;;;;;;;;;;KrAZ Cougar;;
UA;Armoured Personnel Carriers;BTR-80M;;;;;;;;;;;;KrAZ Spartan;;
UA;Armoured Personnel Carriers;BTR-D;;;;;;;;;;;;Novator;;
UA;Armoured Personnel Carriers;GT-MU AFV converted to APC;;;;;;;;;;;;Varta;;
UA;Armoured Personnel Carriers;Unknown BTR;;;;;;;;;;;;Kozak-2;;
UA;Armoured Personnel Carriers;YPR-765;;;;;;;;;;;;Kozak-2M1;;
UA;Armoured Personnel Carriers;M113;;;;;;;;;;;;Kozak-5;;
UA;Armoured Personnel Carriers;M113AS4;;;;;;;;;;;;Kozak-7;;
UA;Armoured Personnel Carriers;M113G3DK/G4DK;;;;;;;;;;;;Triton-1;;
UA;Armoured Personnel Carriers;FV103 Spartan;;;;;;;;;;;;M1114 and M1151 HMMWV;;
UA;Armoured Personnel Carriers;VAB;;;;;;;;;;;;M1152 HMMWV;;
UA;Armoured Personnel Carriers;Sisu XA-185;;;;;;;;;;;;M998 HMMWV;;
UA;Armoured Personnel Carriers;M1126 Stryker;;;;;;;;;;;;M1165 HMMWV;;
UA;Mine-Resistant Ambush Protected ;Vepr;;;;;;;;;;;;M1123 HMMWV;;
UA;Mine-Resistant Ambush Protected ;KrAZ-MPV Shrek One;;;;;;;;;;;;HMMWV Ambulance;;
UA;Mine-Resistant Ambush Protected ;KrAZ-Forpost;;;;;;;;;;;;Unknown HMMWVvariant;;
UA;Mine-Resistant Ambush Protected ;Alvis 4 'Mamba';;;;;;;;;;;;AT105A Saxon;;
UA;Mine-Resistant Ambush Protected ;Mastiff Protected Patrol;;;;;;;;;;;;Husky Tactical Support Vehicle;;
UA;Mine-Resistant Ambush Protected ;Wolfhound Protected Patrol;;;;;;;;;;;;Iveco LMV;;
UA;Mine-Resistant Ambush Protected ;Bushmaster Protected Mobility Vehicle;;;;;;;;;;;;MLS Shield;;
UA;Mine-Resistant Ambush Protected ;International M1224 MaxxPro;;;;;;;;;;;;INKAS Titan-S;;
UA;Mine-Resistant Ambush Protected ;Oshkosh M-ATV;;;;;;;;;;;;Panthera T6;;
UA;Mine-Resistant Ambush Protected ;ATF Dingo;;;;;;;;;;;;Roshel Senator;;
UA;Mine-Resistant Ambush Protected ;BMC Kirpi;;;;;;;;;;;;AMZ Dzik-2;;
UA;Infantry Mobility Vehicles;KrAZ Cobra;;;;;;;;;;;;Oncilla;;
UA;Infantry Mobility Vehicles;KrAZ Cougar;;;;;;;;;;;;Unknown IMV;;
UA;Infantry Mobility Vehicles;KrAZ Spartan;;;;;;;;;;;;K1Sh1 command and staff vehicle;;
UA;Infantry Mobility Vehicles;Novator;;;;;;;;;;;;R-142N command and staff vehicle;;
UA;Infantry Mobility Vehicles;Varta;;;;;;;;;;;;BTR-70DI-02 'Svityaz' command and staff vehicle;;
UA;Infantry Mobility Vehicles;Kozak-2;;;;;;;;;;;;BTR-60PU-12 air defence command vehicle;;
UA;Infantry Mobility Vehicles;Kozak-2M1;;;;;;;;;;;;R-409A radio station vehicle;;
UA;Infantry Mobility Vehicles;Kozak-5;;;;;;;;;;;;R-405M radio station vehicle;;
UA;Infantry Mobility Vehicles;Kozak-7;;;;;;;;;;;;9S470M1 command vehicle for Buk-M1;;
UA;Infantry Mobility Vehicles;Triton-1;;;;;;;;;;;;R-845 radio station;;
UA;Infantry Mobility Vehicles;M1114 and M1151 HMMWV;;;;;;;;;;;;ZiL-131-based KShM KUNG command vehicle;;
UA;Infantry Mobility Vehicles;M1152 HMMWV;;;;;;;;;;;;Radio relay station for the TB2 UCAV;;
UA;Infantry Mobility Vehicles;M998 HMMWV;;;;;;;;;;;;Control station for the TB2 UCAV;;
UA;Infantry Mobility Vehicles;M1165 HMMWV;;;;;;;;;;;;SkyGuard Aspide control station;;
UA;Infantry Mobility Vehicles;M1123 HMMWV;;;;;;;;;;;;IMR-2 combat engineering vehicle;;
UA;Infantry Mobility Vehicles;HMMWV Ambulance;;;;;;;;;;;;BMR-2 mine-clearing tank;;
UA;Infantry Mobility Vehicles;Unknown HMMWVvariant;;;;;;;;;;;;UR-77 Meteorit;;
UA;Infantry Mobility Vehicles;AT105A Saxon;;;;;;;;;;;;T-64 mine-clearing tank;;
UA;Infantry Mobility Vehicles;Husky Tactical Support Vehicle;;;;;;;;;;;;Leopard 2R mine-clearing tank;;
UA;Infantry Mobility Vehicles;Iveco LMV;;;;;;;;;;;;Wisent 1 mine-clearing tank;;
UA;Infantry Mobility Vehicles;MLS Shield;;;;;;;;;;;;MT-T multi-purpose tracked transporter;;
UA;Infantry Mobility Vehicles;INKAS Titan-S;;;;;;;;;;;;IRM 'Zhuk' engineer reconnaissance vehicle;;
UA;Infantry Mobility Vehicles;Panthera T6;;;;;;;;;;;;RKhM 'Kashalot';;
UA;Infantry Mobility Vehicles;Roshel Senator;;;;;;;;;;;;M88A1armoured recovery vehicle;;
UA;Infantry Mobility Vehicles;AMZ Dzik-2;;;;;;;;;;;;Bergepanzer 2 armoured recovery vehicle;;
UA;Infantry Mobility Vehicles;Oncilla;;;;;;;;;;;;Bergepanzer 3 armoured recovery vehicle;;
UA;Infantry Mobility Vehicles;Unknown IMV;;;;;;;;;;;;M1132 Stryker Engineering Squad Vehicle;;
UA;Command Posts And Communications Stations ;BMP-1KSh command and staff vehicle;;;;;;;;;;;;TMM-3M1 bridge layer;;
UA;Command Posts And Communications Stations ;K1Sh1 command and staff vehicle;;;;;;;;;;;;KrAZ-255B pontoon bridge layer;;
UA;Command Posts And Communications Stations ;R-142N command and staff vehicle;;;;;;;;;;;;KrAZ-255B with KS-3575 crane;;
UA;Command Posts And Communications Stations ;BTR-70DI-02 'Svityaz' command and staff vehicle;;;;;;;;;;;;KrAZ-6322 Master mobile workshop;;
UA;Command Posts And Communications Stations ;R-145BM command vehicle;;;;;;;;;;;;UMP-350 engine heater;;
UA;Command Posts And Communications Stations ;BTR-60PU-12 air defence command vehicle;;;;;;;;;;;;TDA-M mobile smoke generator;;
UA;Command Posts And Communications Stations ;R-409A radio station vehicle;;;;;;;;;;;;AK-04-9A 'Porosha' airfield air conditioner based on KamAZ-5320;;
UA;Command Posts And Communications Stations ;R-405M radio station vehicle;;;;;;;;;;;;9P148 Konkurs ATGM carrier;;
UA;Command Posts And Communications Stations ;9S470M1 command vehicle for Buk-M1;;;;;;;;;;;;9P149 Shturm-S ATGM carrier;;
UA;Command Posts And Communications Stations ;R-845 radio station;;;;;;;;;;;;1V13 battery command and forward observer vehicle;;
UA;Command Posts And Communications Stations ;ZiL-131-based KShM KUNG command vehicle;;;;;;;;;;;;1V15 battery command and forward observer vehicle;;
UA;Command Posts And Communications Stations ;Radio relay station for the TB2 UCAV;;;;;;;;;;;;1V16M artillery battalion command and staff vehicle;;
UA;Command Posts And Communications Stations ;Control station for the TB2 UCAV;;;;;;;;;;;;9T452 transporter-loader (for BM-27 'Uragan' MRL);;
UA;Command Posts And Communications Stations ;SkyGuard Aspide control station;;;;;;;;;;;;100mm BS-3 anti-tank gun;;
UA;Engineering Vehicles And Equipment ;IMR-2 combat engineering vehicle;;;;;;;;;;;;105mm L119 howitzer;;
UA;Engineering Vehicles And Equipment ;BMR-2 mine-clearing tank;;;;;;;;;;;;130mm M-46 field gun;;
UA;Engineering Vehicles And Equipment ;UR-77 Meteorit;;;;;;;;;;;;152mm 2A36 Giatsint-B field-gun;;
UA;Engineering Vehicles And Equipment ;T-64 mine-clearing tank;;;;;;;;;;;;155mm FH-70 howitzer;;
UA;Engineering Vehicles And Equipment ;Leopard 2R mine-clearing tank;;;;;;;;;;;;155mm TRF1 howitzer;;
UA;Engineering Vehicles And Equipment ;Wisent 1 mine-clearing tank;;;;;;;;;;;;155mm M777A2 howitzer;;
UA;Engineering Vehicles And Equipment ;BAT-2 heavy engineering vehicle;;;;;;;;;;;;120mm Bars-8MMK;;
UA;Engineering Vehicles And Equipment ;MT-T multi-purpose tracked transporter;;;;;;;;;;;;120mm BTR-3M2;;
UA;Engineering Vehicles And Equipment ;IRM 'Zhuk' engineer reconnaissance vehicle;;;;;;;;;;;;120mm BRM-1K with 2S9 Nona turret;;
UA;Engineering Vehicles And Equipment ;MDK-3 trench-digging vehicle;;;;;;;;;;;;120mm M1064A3;;
UA;Engineering Vehicles And Equipment ;RKhM 'Kashalot';;;;;;;;;;;;120mm Alakran;;
UA;Engineering Vehicles And Equipment ;BREM-Ch ''BREM-4'' armoured recovery vehicle;;;;;;;;;;;;152mm 2S3 Akatsiya;;
UA;Engineering Vehicles And Equipment ;BTS-4A armoured recovery vehicle;;;;;;;;;;;;152mm 2S5 Giatsint-S;;
UA;Engineering Vehicles And Equipment ;BREM-1 armoured recovery vehicle;;;;;;;;;;;;155mm M109A3/A4/A5/A6/L;;
UA;Engineering Vehicles And Equipment ;M88A1armoured recovery vehicle;;;;;;;;;;;;155mmAHS Krab;;
UA;Engineering Vehicles And Equipment ;Bergepanzer 2 armoured recovery vehicle;;;;;;;;;;;;203mm 2S7 Pion;;
UA;Engineering Vehicles And Equipment ;Bergepanzer 3 armoured recovery vehicle;;;;;;;;;;;;155mm ShKH Zuzana 2;;
UA;Engineering Vehicles And Equipment ;Ural-4320 KET-L recovery vehicle;;;;;;;;;;;;155mm Caesar 6x6;;
UA;Engineering Vehicles And Equipment ;M1132 Stryker Engineering Squad Vehicle;;;;;;;;;;;;155mm Caesar 8x8;;
UA;Engineering Vehicles And Equipment ;MTO-AT mobile workshop;;;;;;;;;;;;155mm Panzerhaubitze 2000;;
UA;Engineering Vehicles And Equipment ;PTS-2  tracked amphibious transport;;;;;;;;;;;;152mm ShKH vz. 77 DANA;;
UA;Engineering Vehicles And Equipment ;PMP floating bridge;;;;;;;;;;;;155mm AS-90;;
UA;Engineering Vehicles And Equipment ;TMM-3M1 bridge layer;;;;;;;;;;;;80mm B-8 makeshift MRL;;
UA;Engineering Vehicles And Equipment ;Pontoon bridge;;;;;;;;;;;;122mm Bastion-1;;
UA;Engineering Vehicles And Equipment ;KrAZ-255B with excavator;;;;;;;;;;;;220mmBureviy;;
UA;Engineering Vehicles And Equipment ;KrAZ-255B pontoon bridge layer;;;;;;;;;;;;122mm RM-70;;
UA;Engineering Vehicles And Equipment ;KrAZ-255B with KS-3575 crane;;;;;;;;;;;;23mm ZU-23;;
UA;Engineering Vehicles And Equipment ;KrAZ-6322 Master mobile workshop;;;;;;;;;;;;23mm 23 ItK 61;;
UA;Engineering Vehicles And Equipment ;GMZ-3 minelayer;;;;;;;;;;;;2K22M Tunguska-M;;
UA;Engineering Vehicles And Equipment ;PZM-2 trench-digging vehicle;;;;;;;;;;;;Stormer HVM;;
UA;Engineering Vehicles And Equipment ;UMP-350 engine heater;;;;;;;;;;;;9A310M1 TELAR;;
UA;Engineering Vehicles And Equipment ;ARS-14 decontamination and degassing vehicle;;;;;;;;;;;;9A39M1 TEL (for Buk-M1);;
UA;Engineering Vehicles And Equipment ;Ural-4320 KT-L recovery vehicle;;;;;;;;;;;;9A330 Tor TLAR (for 9K330 Tor);;
UA;Engineering Vehicles And Equipment ;BMK-460 towing and motor boat;;;;;;;;;;;;5P851A (Launcher for S-300PT-1A);;
UA;Engineering Vehicles And Equipment ;TDA-M mobile smoke generator;;;;;;;;;;;;5P85D (launcher for S-300PS);;
UA;Engineering Vehicles And Equipment ;AK-04-9A 'Porosha' airfield air conditioner based on KamAZ-5320;;;;;;;;;;;;5P85S (launcher for S-300PS);;
UA;Self-Propelled Anti-Tank Missile Systems;9P148 Konkurs ATGM carrier;;;;;;;;;;;;5P85D/S (launcher for S-300PS);;
UA;Self-Propelled Anti-Tank Missile Systems;9P149 Shturm-S ATGM carrier;;;;;;;;;;;;Launcher for S-300;;
UA;Artillery Support Vehicles And Equipment;1V13 battery command and forward observer vehicle;;;;;;;;;;;;P-14'Tall King';;
UA;Artillery Support Vehicles And Equipment;1V14 battery command and forward observer vehicle;;;;;;;;;;;;P-18 'Spoon Rest D';;
UA;Artillery Support Vehicles And Equipment;1V15 battery command and forward observer vehicle;;;;;;;;;;;;P-18 'Malakhit';;
UA;Artillery Support Vehicles And Equipment;1V16M artillery battalion command and staff vehicle;;;;;;;;;;;;79K6 'Pelikan' 3D surveillance radar;;
UA;Artillery Support Vehicles And Equipment;1V18 'Klyon-1' artillery command and forward observer vehicle;;;;;;;;;;;;P-19 'Flat Face B';;
UA;Artillery Support Vehicles And Equipment;9T452 transporter-loader (for BM-27 'Uragan' MRL);;;;;;;;;;;;P-35/37 'Bar Lock';;
UA;Towed Artillery;100mm BS-3 anti-tank gun;;;;;;;;;;;;PRV-11 'Side Net';;
UA;Towed Artillery;100mm MT-12 anti-tank gun;;;;;;;;;;;;PRV-13 'Odd Pair';;
UA;Towed Artillery;105mm L119 howitzer;;;;;;;;;;;;PRV-16 'Thin Skin B';;
UA;Towed Artillery;120mm 2B16 Nona-K gun mortar;;;;;;;;;;;;1L22 'Parol';;
UA;Towed Artillery;122mm D-30 howitzer;;;;;;;;;;;;36D6 'Tin Shield';;
UA;Towed Artillery;130mm M-46 field gun;;;;;;;;;;;;5N63S 'Flap Lid B' (for S-300PS);;
UA;Towed Artillery;152mm D-20 gun-howitzer;;;;;;;;;;;;5N63-1 'Flap Lid A' on 40V6M mast (for S-300PT);;
UA;Towed Artillery;152mm 2A36 Giatsint-B field-gun;;;;;;;;;;;;5N66M 'Clam Shell' on 40V6M mast (for S-300PT);;
UA;Towed Artillery;152mm 2A65 Msta-B howitzer;;;;;;;;;;;;R-410-7,5 tropospheric radio relay communication station;;
UA;Towed Artillery;155mm FH-70 howitzer;;;;;;;;;;;;SNAR-10 battlefield surveillance radar;;
UA;Towed Artillery;155mm TRF1 howitzer;;;;;;;;;;;;1B44-1 (RPMK-1) radiosonde weather radar;;
UA;Towed Artillery;155mm M777A2 howitzer;;;;;;;;;;;;ST-68U radar;;
UA;Towed Artillery;Unknown towed artillery;;;;;;;;;;;;PRV-16ML height-finder radar;;
UA;Self-Propelled Artillery;120mm Bars-8MMK;;;;;;;;;;;;P-18ML long-range VHF surveillance radar;;
UA;Self-Propelled Artillery;120mm BTR-3M2;;;;;;;;;;;;AN-MPQ-64 Sentinel radr;;
UA;Self-Propelled Artillery;120mm 2S9 Nona;;;;;;;;;;;;TRML-4D multi-functional radar (for IRIS-T SLM);;
UA;Self-Propelled Artillery;120mm BRM-1K with 2S9 Nona turret;;;;;;;;;;;;AN/TPQ-36 weapons location radar;;
UA;Self-Propelled Artillery;120mm M1064A3;;;;;;;;;;;;AN/TPQ-37 weapons location radar;;
UA;Self-Propelled Artillery;120mm Alakran;;;;;;;;;;;;AN/TPQ-49 lightweight counter mortar radar;;
UA;Self-Propelled Artillery;122mm 2S1 Gvozdika;;;;;;;;;;;;AN/TPQ-50 counter-battery radar;;
UA;Self-Propelled Artillery;152mm 2S3 Akatsiya;;;;;;;;;;;;ARTHUR counter-battery radar;;
UA;Self-Propelled Artillery;152mm 2S5 Giatsint-S;;;;;;;;;;;;Unknown counter mortar/battery radar;;
UA;Self-Propelled Artillery;152mm 2S19 Msta-S;;;;;;;;;;;;NOTA;;
UA;Self-Propelled Artillery;155mm M109A3/A4/A5/A6/L;;;;;;;;;;;;Bukovel-AD EW system;;
UA;Self-Propelled Artillery;155mmAHS Krab;;;;;;;;;;;;MiG-29 fighter aircraft;;
UA;Self-Propelled Artillery;203mm 2S7 Pion;;;;;;;;;;;;Su-27 fighter aircraft;;
UA;Self-Propelled Artillery;155mm ShKH Zuzana 2;;;;;;;;;;;;L-39 Albatros;;
UA;Self-Propelled Artillery;155mm Caesar 6x6;;;;;;;;;;;;Mi-2 training helicopter;;
UA;Self-Propelled Artillery;155mm Caesar 8x8;;;;;;;;;;;;Mi-14PS maritime helicopter;;
UA;Self-Propelled Artillery;155mm Panzerhaubitze 2000;;;;;;;;;;;;Mi-17V5;;
UA;Self-Propelled Artillery;152mm ShKH vz. 77 DANA;;;;;;;;;;;;Mi-24 attack helicopter;;
UA;Self-Propelled Artillery;155mm AS-90;;;;;;;;;;;;Airbus H225 transport helicopter;;
UA;Self-Propelled Artillery;Unknown SPG;;;;;;;;;;;;Bayraktar TB2;;
UA;Multiple Rocket Launchers;80mm B-8 makeshift MRL;;;;;;;;;;;;Avenger;;
UA;Multiple Rocket Launchers;122mm BM-21 Grad;;;;;;;;;;;;A1-SM Fury;;
UA;Multiple Rocket Launchers;122mm Bastion-1;;;;;;;;;;;;ASU-1 Valkyrja;;
UA;Multiple Rocket Launchers;220mm BM-27 Uragan;;;;;;;;;;;;Leleka-100;;
UA;Multiple Rocket Launchers;220mmBureviy;;;;;;;;;;;;Spaitech Sparrow;;
UA;Multiple Rocket Launchers;122mm RM-70;;;;;;;;;;;;Spectator-M1;;
UA;Anti-Aircraft Guns;23mm ZU-23;;;;;;;;;;;;Dovbush T10;;
UA;Anti-Aircraft Guns;23mm 23 ItK 61;;;;;;;;;;;;PD-1;;
UA;Self-Propelled Anti-Aircraft Guns ;BTR-ZD Skrezhet;;;;;;;;;;;;UJ-22;;
UA;Self-Propelled Anti-Aircraft Guns ;ZSU-23-4 Shilka;;;;;;;;;;;;ITEC Skif;;
UA;Self-Propelled Anti-Aircraft Guns ;2K22M Tunguska-M;;;;;;;;;;;;Shark;;
UA;Surface-To-Air Missile Systems ;9K33 Osa;;;;;;;;;;;;Mara-2M;;
UA;Surface-To-Air Missile Systems ;9K35 Strela-10;;;;;;;;;;;;Chaklun;;
UA;Surface-To-Air Missile Systems ;Stormer HVM;;;;;;;;;;;;Orlik;;
UA;Surface-To-Air Missile Systems ;9A310M1 TELAR;;;;;;;;;;;;Primoco One 150;;
UA;Surface-To-Air Missile Systems ;9A39M1 TEL (for Buk-M1);;;;;;;;;;;;FlyEye;;
UA;Surface-To-Air Missile Systems ;9A330 Tor TLAR (for 9K330 Tor);;;;;;;;;;;;Penguin C;;
UA;Surface-To-Air Missile Systems ;5P851A (Launcher for S-300PT-1A);;;;;;;;;;;;Poseidon H10;;
UA;Surface-To-Air Missile Systems ;5P85D (launcher for S-300PS);;;;;;;;;;;;EOS-C VTOL;;
UA;Surface-To-Air Missile Systems ;5P85S (launcher for S-300PS);;;;;;;;;;;;Bayraktar Mini;;
UA;Surface-To-Air Missile Systems ;5P85D/S (launcher for S-300PS);;;;;;;;;;;;AeroVironment RQ-20 Puma;;
UA;Surface-To-Air Missile Systems ;Launcher for S-300;;;;;;;;;;;;AeroVironmentQuantix Recon UAV;;
UA;Radars And Communications Equipment;P-14'Tall King';;;;;;;;;;;;Boeing Insitu ScanEagle 2;;
UA;Radars And Communications Equipment;P-18 'Spoon Rest D';;;;;;;;;;;;Malloy Aeronautics T150 cargo UAV;;
UA;Radars And Communications Equipment;P-18 'Malakhit';;;;;;;;;;;;Unknown reconnaissance UAV;;
UA;Radars And Communications Equipment;79K6 'Pelikan' 3D surveillance radar;;;;;;;;;;;;Krivak III-class frigate;;
UA;Radars And Communications Equipment;P-19 'Flat Face B';;;;;;;;;;;;Gyurza-M-class gunboat;;
UA;Radars And Communications Equipment;P-35/37 'Bar Lock';;;;;;;;;;;;Island-class patrol boat;;
UA;Radars And Communications Equipment;PRV-11 'Side Net';;;;;;;;;;;;Stenka-class patrol boat (Operated by the Sea Guard);;
UA;Radars And Communications Equipment;PRV-13 'Odd Pair';;;;;;;;;;;;Zhuk-class patrol boat (Sea Guard);;
UA;Radars And Communications Equipment;PRV-16 'Thin Skin B';;;;;;;;;;;;Sorum-class seagoing tugboat;;
UA;Radars And Communications Equipment;1L22 'Parol';;;;;;;;;;;;Project 376 Yaroslavets-class general purpose tugboat;;
UA;Radars And Communications Equipment;36D6 'Tin Shield';;;;;;;;;;;;Project 1258 Yevgenya-class minesweeper;;
UA;Radars And Communications Equipment;5N63S 'Flap Lid B' (for S-300PS);;;;;;;;;;;;Pr.304 Amur-class command ship;;
UA;Radars And Communications Equipment;5N63-1 'Flap Lid A' on 40V6M mast (for S-300PT);;;;;;;;;;;;Project 58181 Centaur-class fast assault boat;;
UA;Radars And Communications Equipment;5N66M 'Clam Shell' on 40V6M mast (for S-300PT);;;;;;;;;;;;UMS-600 patrol boat (Sea Guard);;
UA;Radars And Communications Equipment;R-410-7,5 tropospheric radio relay communication station;;;;;;;;;;;;UMS-1000 patrol boat (Sea Guard);;
UA;Radars And Communications Equipment;SNAR-10 battlefield surveillance radar;;;;;;;;;;;;Project 50030 Kalkan-class patrol boat (Sea Guard);;
UA;Radars And Communications Equipment;1B44-1 (RPMK-1) radiosonde weather radar;;;;;;;;;;;;Unknown patrol boat (Sea Guard);;
UA;Radars And Communications Equipment;ST-68U radar;;;;;;;;;;;;KrAZ-214;;
UA;Radars And Communications Equipment;PRV-16ML height-finder radar;;;;;;;;;;;;KrAZ-260;;
UA;Radars And Communications Equipment;P-18ML long-range VHF surveillance radar;;;;;;;;;;;;KrAZ-6322;;
UA;Radars And Communications Equipment;AN-MPQ-64 Sentinel radr;;;;;;;;;;;;KrAZ-6322 Raptor;;
UA;Radars And Communications Equipment;TRML-4D multi-functional radar (for IRIS-T SLM);;;;;;;;;;;;KrAZ-6446;;
UA;Radars And Communications Equipment;AN/TPQ-36 weapons location radar;;;;;;;;;;;;KrAZ-5233;;
UA;Radars And Communications Equipment;AN/TPQ-37 weapons location radar;;;;;;;;;;;;ATs-10-260 Fuel Tanker;;
UA;Radars And Communications Equipment;AN/TPQ-49 lightweight counter mortar radar;;;;;;;;;;;;Bogdan-5316;;
UA;Radars And Communications Equipment;AN/TPQ-50 counter-battery radar;;;;;;;;;;;;Bogdan-63172;;
UA;Radars And Communications Equipment;ARTHUR counter-battery radar;;;;;;;;;;;;Bogdan-63172 'Kozak';;
UA;Radars And Communications Equipment;Unknown counter mortar/battery radar;;;;;;;;;;;;GAZ-53;;
UA;Jammers And Deception Systems ;NOTA;;;;;;;;;;;;GAZ-63;;
UA;Jammers And Deception Systems ;Bukovel-AD EW system;;;;;;;;;;;;GAZ-66 tanker;;
UA;Aircraft;MiG-29 fighter aircraft;;;;;;;;;;;;GAZ-3308 tanker;;
UA;Aircraft;Su-27 fighter aircraft;;;;;;;;;;;;ZiL-130;;
UA;Aircraft;Su-25 close air support aircraft;;;;;;;;;;;;ZiL-130 tanker;;
UA;Aircraft;Su-24M strike aircraft;;;;;;;;;;;;ZiL-157;;
UA;Aircraft;Su-24MR tactical reconnaissance aircraft;;;;;;;;;;;;ZiL-181;;
UA;Aircraft;L-39 Albatros;;;;;;;;;;;;ZiL-4331;;
UA;Aircraft;Unknown fighter jet;;;;;;;;;;;;Ural tanker;;
UA;Aircraft;Il-76 transport aircraft;;;;;;;;;;;;MAZ-537;;
UA;Aircraft;An-26 transport aircraft;;;;;;;;;;;;MAZ AC-8-500A Tanker;;
UA;Helicopters;Mi-2 training helicopter;;;;;;;;;;;;MAZ-5336;;
UA;Helicopters;Mi-8 transport helicopter;;;;;;;;;;;;MAZ-5337 fuel tanker;;
UA;Helicopters;Mi-14PS maritime helicopter;;;;;;;;;;;;FMTV M1083A1P2;;
UA;Helicopters;Mi-17V5;;;;;;;;;;;;Jelcz P882 D53;;
UA;Helicopters;Mi-24P attack helicopter;;;;;;;;;;;;Mercedes-Benz Unimog U1300L ambulance;;
UA;Helicopters;Mi-24 attack helicopter;;;;;;;;;;;;Pinzgauer Vector 718;;
UA;Helicopters;Airbus H225 transport helicopter;;;;;;;;;;;;Land Rover Defender;;
UA;Unmanned Combat Aerial Vehicles;Bayraktar TB2;;;;;;;;;;;;Armoured Volkswagen Amarok pickup truck;;
UA;Unmanned Combat Aerial Vehicles;Avenger;;;;;;;;;;;;Bogdan-2251 ambulance pickup truck;;
UA;Reconnaissance Unmanned Aerial Vehicles;A1-SM Fury;;;;;;;;;;;;Armed pickup truck;;
UA;Reconnaissance Unmanned Aerial Vehicles;ASU-1 Valkyrja;;;;;;;;;;;;Peugeot P4;;
UA;Reconnaissance Unmanned Aerial Vehicles;Leleka-100;;;;;;;;;;;;DAF YAD 4442 NT;;
UA;Reconnaissance Unmanned Aerial Vehicles;Spaitech Sparrow;;;;;;;;;;;;Iveco Magirus 90-16 AW 4x4;;
UA;Reconnaissance Unmanned Aerial Vehicles;Spectator-M1;;;;;;;;;;;;Iveco VM90;;
UA;Reconnaissance Unmanned Aerial Vehicles;Dovbush T10;;;;;;;;;;;;Downgraded Mowag Eagle II;;
UA;Reconnaissance Unmanned Aerial Vehicles;PD-1;;;;;;;;;;;;Unknown truck;;
UA;Reconnaissance Unmanned Aerial Vehicles;UJ-22;;;;;;;;;;;;Unknown vehicle;;
UA;Reconnaissance Unmanned Aerial Vehicles;ITEC Skif;;;;;;;;;;;;;;
UA;Reconnaissance Unmanned Aerial Vehicles;Shark;;;;;;;;;;;;;;
UA;Reconnaissance Unmanned Aerial Vehicles;Mara-2M;;;;;;;;;;;;;;
UA;Reconnaissance Unmanned Aerial Vehicles;Chaklun;;;;;;;;;;;;;;
UA;Reconnaissance Unmanned Aerial Vehicles;Orlik;;;;;;;;;;;;;;
UA;Reconnaissance Unmanned Aerial Vehicles;Primoco One 150;;;;;;;;;;;;;;
UA;Reconnaissance Unmanned Aerial Vehicles;FlyEye;;;;;;;;;;;;;;
UA;Reconnaissance Unmanned Aerial Vehicles;Penguin C;;;;;;;;;;;;;;
UA;Reconnaissance Unmanned Aerial Vehicles;Poseidon H10;;;;;;;;;;;;;;
UA;Reconnaissance Unmanned Aerial Vehicles;EOS-C VTOL;;;;;;;;;;;;;;
UA;Reconnaissance Unmanned Aerial Vehicles;Bayraktar Mini;;;;;;;;;;;;;;
UA;Reconnaissance Unmanned Aerial Vehicles;AeroVironment RQ-20 Puma;;;;;;;;;;;;;;
UA;Reconnaissance Unmanned Aerial Vehicles;AeroVironmentQuantix Recon UAV;;;;;;;;;;;;;;
UA;Reconnaissance Unmanned Aerial Vehicles;Boeing Insitu ScanEagle 2;;;;;;;;;;;;;;
UA;Reconnaissance Unmanned Aerial Vehicles;Malloy Aeronautics T150 cargo UAV;;;;;;;;;;;;;;
UA;Reconnaissance Unmanned Aerial Vehicles;Unknown reconnaissance UAV;;;;;;;;;;;;;;
UA;Naval Ships;Krivak III-class frigate;;;;;;;;;;;;;;
UA;Naval Ships;Gyurza-M-class gunboat;;;;;;;;;;;;;;
UA;Naval Ships;Island-class patrol boat;;;;;;;;;;;;;;
UA;Naval Ships;Stenka-class patrol boat (Operated by the Sea Guard);;;;;;;;;;;;;;
UA;Naval Ships;Zhuk-class patrol boat (Sea Guard);;;;;;;;;;;;;;
UA;Naval Ships;Sorum-class seagoing tugboat;;;;;;;;;;;;;;
UA;Naval Ships;Project 376 Yaroslavets-class general purpose tugboat;;;;;;;;;;;;;;
UA;Naval Ships;Project 1258 Yevgenya-class minesweeper;;;;;;;;;;;;;;
UA;Naval Ships;Pr.304 Amur-class command ship;;;;;;;;;;;;;;
UA;Naval Ships;Project 58181 Centaur-class fast assault boat;;;;;;;;;;;;;;
UA;Naval Ships;UMS-600 patrol boat (Sea Guard);;;;;;;;;;;;;;
UA;Naval Ships;UMS-1000 patrol boat (Sea Guard);;;;;;;;;;;;;;
UA;Naval Ships;Project 50030 Kalkan-class patrol boat (Sea Guard);;;;;;;;;;;;;;
UA;Naval Ships;Unknown patrol boat (Sea Guard);;;;;;;;;;;;;;
UA;Trucks, Vehicles, and Jeeps;KrAZ-214;;;;;;;;;;;;;;
UA;Trucks, Vehicles, and Jeeps;KrAZ-255B;;;;;;;;;;;;;;
UA;Trucks, Vehicles, and Jeeps;KrAZ-260;;;;;;;;;;;;;;
UA;Trucks, Vehicles, and Jeeps;KrAZ-6322;;;;;;;;;;;;;;
UA;Trucks, Vehicles, and Jeeps;KrAZ-6322 Raptor;;;;;;;;;;;;;;
UA;Trucks, Vehicles, and Jeeps;KrAZ-6446;;;;;;;;;;;;;;
UA;Trucks, Vehicles, and Jeeps;KrAZ-5233;;;;;;;;;;;;;;
UA;Trucks, Vehicles, and Jeeps;ATs-10-260 Fuel Tanker;;;;;;;;;;;;;;
UA;Trucks, Vehicles, and Jeeps;Bogdan-5316;;;;;;;;;;;;;;
UA;Trucks, Vehicles, and Jeeps;Bogdan-63172;;;;;;;;;;;;;;
UA;Trucks, Vehicles, and Jeeps;Bogdan-63172 'Kozak';;;;;;;;;;;;;;
UA;Trucks, Vehicles, and Jeeps;9T217 transloader (for 9K33 Osa);;;;;;;;;;;;;;
UA;Trucks, Vehicles, and Jeeps;GAZ-53;;;;;;;;;;;;;;
UA;Trucks, Vehicles, and Jeeps;GAZ-63;;;;;;;;;;;;;;
UA;Trucks, Vehicles, and Jeeps;GAZ-66;;;;;;;;;;;;;;
UA;Trucks, Vehicles, and Jeeps;GAZ-66 tanker;;;;;;;;;;;;;;
UA;Trucks, Vehicles, and Jeeps;GAZ-3308;;;;;;;;;;;;;;
UA;Trucks, Vehicles, and Jeeps;GAZ-3308 tanker;;;;;;;;;;;;;;
UA;Trucks, Vehicles, and Jeeps;ZiL-130;;;;;;;;;;;;;;
UA;Trucks, Vehicles, and Jeeps;ZiL-130 tanker;;;;;;;;;;;;;;
UA;Trucks, Vehicles, and Jeeps;ZiL-131;;;;;;;;;;;;;;
UA;Trucks, Vehicles, and Jeeps;ZiL-131 tanker;;;;;;;;;;;;;;
UA;Trucks, Vehicles, and Jeeps;ZiL-157;;;;;;;;;;;;;;
UA;Trucks, Vehicles, and Jeeps;ZiL-181;;;;;;;;;;;;;;
UA;Trucks, Vehicles, and Jeeps;ZiL-4331;;;;;;;;;;;;;;
UA;Trucks, Vehicles, and Jeeps;Ural-375D;;;;;;;;;;;;;;
UA;Trucks, Vehicles, and Jeeps;Ural-4320;;;;;;;;;;;;;;
UA;Trucks, Vehicles, and Jeeps;Ural tanker;;;;;;;;;;;;;;
UA;Trucks, Vehicles, and Jeeps;KamAZ 6x6;;;;;;;;;;;;;;
UA;Trucks, Vehicles, and Jeeps;KamAZ 6x6 tanker;;;;;;;;;;;;;;
UA;Trucks, Vehicles, and Jeeps;MAZ-537;;;;;;;;;;;;;;
UA;Trucks, Vehicles, and Jeeps;MAZ AC-8-500A Tanker;;;;;;;;;;;;;;
UA;Trucks, Vehicles, and Jeeps;MAZ-5336;;;;;;;;;;;;;;
UA;Trucks, Vehicles, and Jeeps;MAZ-5337 fuel tanker;;;;;;;;;;;;;;
UA;Trucks, Vehicles, and Jeeps;MAZ TZ-500 tanker;;;;;;;;;;;;;;
UA;Trucks, Vehicles, and Jeeps;FMTV M1083A1P2;;;;;;;;;;;;;;
UA;Trucks, Vehicles, and Jeeps;Jelcz P882 D53;;;;;;;;;;;;;;
UA;Trucks, Vehicles, and Jeeps;Mercedes-Benz Unimog U1300L ambulance;;;;;;;;;;;;;;
UA;Trucks, Vehicles, and Jeeps;Pinzgauer Vector 718;;;;;;;;;;;;;;
UA;Trucks, Vehicles, and Jeeps;Land Rover Defender;;;;;;;;;;;;;;
UA;Trucks, Vehicles, and Jeeps;UAZ-469 jeep;;;;;;;;;;;;;;
UA;Trucks, Vehicles, and Jeeps;UAZ-31514;;;;;;;;;;;;;;
UA;Trucks, Vehicles, and Jeeps;UAZ-452 van;;;;;;;;;;;;;;
UA;Trucks, Vehicles, and Jeeps;Armoured Volkswagen Amarok pickup truck;;;;;;;;;;;;;;
UA;Trucks, Vehicles, and Jeeps;Bogdan-2251 ambulance pickup truck;;;;;;;;;;;;;;
UA;Trucks, Vehicles, and Jeeps;Armed pickup truck;;;;;;;;;;;;;;
UA;Trucks, Vehicles, and Jeeps;Peugeot P4;;;;;;;;;;;;;;
UA;Trucks, Vehicles, and Jeeps;DAF YAD 4442 NT;;;;;;;;;;;;;;
UA;Trucks, Vehicles, and Jeeps;Iveco Magirus 90-16 AW 4x4;;;;;;;;;;;;;;
UA;Trucks, Vehicles, and Jeeps;Iveco VM90;;;;;;;;;;;;;;
UA;Trucks, Vehicles, and Jeeps;Downgraded Mowag Eagle II;;;;;;;;;;;;;;
UA;Trucks, Vehicles, and Jeeps;Unknown truck;;;;;;;;;;;;;;
UA;Trucks, Vehicles, and Jeeps;Unknown vehicle;;;;;;;;;;;;;;
