indice;owner;origen;weapon;platform;total;number;Status;url;primary_key_base;primary_key_new;;owner;origen;weapon;platform;total;number;Status;url
2970;RU;['the Soviet Union'];Armoured Fighting Vehicles;MT-LB;522;69;['captured'];https://twitter.com/UAWeapons/status/1569229402860552192;_6e745b611ce0c3108a6c;_cc27b44bc5e13b3e6106;2970;RU;['the Soviet Union'];Armoured Fighting Vehicles;MT-LB;522;6970;['captured'];https://twitter.com/UAWeapons/status/1569229402860552192
2971;RU;['the Soviet Union'];Armoured Fighting Vehicles;MT-LB;522;70;['captured'];https://twitter.com/UAWeapons/status/1569229402860552192;_b94c04a529c0dabc2ad8;_cc27b44bc5e13b3e6106;;;;;;;;;
7323;RU;['Russia'];Command Posts And Communications Stations ;Barnaul-T 932-1 automated system for air defence units;6;1;['destroyed'];https://i.postimg.cc/FRsz7F88/2022-04-03-barnaul-t.jpg;_ec60e8b017dd39301e2e;_c4a6a48576b078644a32;7322;RU;['Russia'];Command Posts And Communications Stations ;Barnaul-T 9С932-1 automated system for air defence units;6;1;['destroyed'];https://i.postimg.cc/FRsz7F88/2022-04-03-barnaul-t.jpg
7324;RU;['Russia'];Command Posts And Communications Stations ;Barnaul-T 932-1 automated system for air defence units;6;2;['destroyed'];https://i.postimg.cc/bvMbDdtk/1026-9-S932-1-Barnaul-T-destr-16-03-23.jpg;_280ac01c1eb178b5ad6a;_15328e06c7d90122c22b;7323;RU;['Russia'];Command Posts And Communications Stations ;Barnaul-T 9С932-1 automated system for air defence units;6;2;['destroyed'];https://i.postimg.cc/bvMbDdtk/1026-9-S932-1-Barnaul-T-destr-16-03-23.jpg
7325;RU;['Russia'];Command Posts And Communications Stations ;Barnaul-T 932-1 automated system for air defence units;6;1;['captured'];https://i.postimg.cc/PqBBRwbf/557.png;_ffe793ca6ab28488e31b;_3c1269417ec29fa3c091;7324;RU;['Russia'];Command Posts And Communications Stations ;Barnaul-T 9С932-1 automated system for air defence units;6;1;['captured'];https://i.postimg.cc/PqBBRwbf/557.png
7326;RU;['Russia'];Command Posts And Communications Stations ;Barnaul-T 932-1 automated system for air defence units;6;2;['captured'];https://i.postimg.cc/7ZVjPfT2/3217.png;_92d7b963852f05b67677;_06a7c848e41773342023;7325;RU;['Russia'];Command Posts And Communications Stations ;Barnaul-T 9С932-1 automated system for air defence units;6;2;['captured'];https://i.postimg.cc/7ZVjPfT2/3217.png
7327;RU;['Russia'];Command Posts And Communications Stations ;Barnaul-T 932-1 automated system for air defence units;6;3;['captured'];https://i.postimg.cc/VL6shSr2/357.jpg;_55103f76edaaaa1fe7df;_65180a9b21b976efbd54;7326;RU;['Russia'];Command Posts And Communications Stations ;Barnaul-T 9С932-1 automated system for air defence units;6;3;['captured'];https://i.postimg.cc/VL6shSr2/357.jpg
7328;RU;['Russia'];Command Posts And Communications Stations ;Barnaul-T 932-1 automated system for air defence units;6;4;['captured'];https://i.postimg.cc/xqDwqCrN/887.jpg;_9040bda2bd31d4fe5bfa;_a4b4507e901bcf128351;7327;RU;['Russia'];Command Posts And Communications Stations ;Barnaul-T 9С932-1 automated system for air defence units;6;4;['captured'];https://i.postimg.cc/xqDwqCrN/887.jpg
9237;RU;['Russia'];Surface-To-Air Missile Systems ;9A310M1-2 TELAR;1;1;['destroyed'];https://i.postimg.cc/7LmZpjbQ/3k.png;_3ed41888a0c0196baffe;_e575a288bdb6bb905d1d;9236;RU;['Russia'];Surface-To-Air Missile Systems ;-2);1;1;['destroyed'];https://i.postimg.cc/7LmZpjbQ/3k.png
9238;RU;['Russia'];Surface-To-Air Missile Systems ;9A310M1-2 TELAR;1;2;['destroyed'];https://i.postimg.cc/rwWB8ZKp/3167.png;_932de7f7e1eb7f3e5204;_03a2afa1ec95c33a6518;9237;RU;['Russia'];Surface-To-Air Missile Systems ;-2);1;2;['destroyed'];https://i.postimg.cc/rwWB8ZKp/3167.png
9239;RU;['Russia'];Surface-To-Air Missile Systems ;9A310M1-2 TELAR;1;3;['destroyed'];https://twitter.com/UAWeapons/status/1574861244590333959;_23ff555672d7faade38f;_21a385f99bce04fd66ae;9238;RU;['Russia'];Surface-To-Air Missile Systems ;-2);1;3;['destroyed'];https://twitter.com/UAWeapons/status/1574861244590333959
9240;RU;['Russia'];Surface-To-Air Missile Systems ;9A310M1-2 TELAR;1;4;['destroyed'];https://twitter.com/UAWeapons/status/1645793181970337793;_bce6796f6f823a436388;_e46b5970ae6c565a7393;9239;RU;['Russia'];Surface-To-Air Missile Systems ;-2);1;4;['destroyed'];https://twitter.com/UAWeapons/status/1645793181970337793
9241;RU;['Russia'];Surface-To-Air Missile Systems ;9A310M1-2 TELAR;1;5;['destroyed'];https://twitter.com/UAWeapons/status/1658448076271484929;_be4fc708868a74bd10f8;_93277e7df1161a90764a;9240;RU;['Russia'];Surface-To-Air Missile Systems ;-2);1;5;['destroyed'];https://twitter.com/UAWeapons/status/1658448076271484929
9242;RU;['Russia'];Surface-To-Air Missile Systems ;9A310M1-2 TELAR;1;6;['destroyed'];https://twitter.com/UAWeapons/status/1665345553096400899;_2f683663f2ce00187958;_05d98b9f32ecab755c51;9241;RU;['Russia'];Surface-To-Air Missile Systems ;-2);1;6;['destroyed'];https://twitter.com/UAWeapons/status/1665345553096400899
9243;RU;['Russia'];Surface-To-Air Missile Systems ;9A310M1-2 TELAR;1;7;['destroyed'];https://i.postimg.cc/gj3XFFD6/1003-Tor-M2-destr-11-06-23.jpg;_725bc3dd63500a8fa436;_eb0e1e49a7746f8e9576;9242;RU;['Russia'];Surface-To-Air Missile Systems ;-2);1;7;['destroyed'];https://i.postimg.cc/gj3XFFD6/1003-Tor-M2-destr-11-06-23.jpg
9244;RU;['Russia'];Surface-To-Air Missile Systems ;9A310M1-2 TELAR;1;8;['destroyed'];https://i.postimg.cc/254hpgvd/1012-9-A310-M1-2-TELAR-for-Buk-M1-2-destr-12-07-23.jpg;_a9fe26043a4377ebd6e4;_5a78f0d90adef29728ed;9243;RU;['Russia'];Surface-To-Air Missile Systems ;-2);1;8;['destroyed'];https://i.postimg.cc/254hpgvd/1012-9-A310-M1-2-TELAR-for-Buk-M1-2-destr-12-07-23.jpg
9245;RU;['Russia'];Surface-To-Air Missile Systems ;9A310M1-2 TELAR;1;9;['destroyed'];https://i.postimg.cc/nh5CVn46/1022-9-A310-M1-2-destr-09-04-23.jpg;_e5fbc643dcee7fc0c3e6;_cb26aeef78a4b7cff6d6;9244;RU;['Russia'];Surface-To-Air Missile Systems ;-2);1;9;['destroyed'];https://i.postimg.cc/nh5CVn46/1022-9-A310-M1-2-destr-09-04-23.jpg
9246;RU;['Russia'];Surface-To-Air Missile Systems ;9A310M1-2 TELAR;1;10;['destroyed'];https://i.postimg.cc/9f9nH74S/1038-9-A310-M1-2-destr-19-07-23.png;_259f899f35d2031e6889;_2fe78f181f4a384d791b;9245;RU;['Russia'];Surface-To-Air Missile Systems ;-2);1;10;['destroyed'];https://i.postimg.cc/9f9nH74S/1038-9-A310-M1-2-destr-19-07-23.png
9247;RU;['Russia'];Surface-To-Air Missile Systems ;9A310M1-2 TELAR;1;11;['destroyed'];https://i.postimg.cc/T1PbxkBg/1001-9-A310-M1-2-destr-25-07-23.jpg;_3d0257b544b2f4a90d11;_2094252415e6dd17da9b;9246;RU;['Russia'];Surface-To-Air Missile Systems ;-2);1;11;['destroyed'];https://i.postimg.cc/T1PbxkBg/1001-9-A310-M1-2-destr-25-07-23.jpg
9248;RU;['Russia'];Surface-To-Air Missile Systems ;9A310M1-2 TELAR;1;1;['damaged'];https://i.postimg.cc/DZXDG2k3/779.png;_cc0c499ab4d89f86199c;_40424f723472c17e7fe1;9247;RU;['Russia'];Surface-To-Air Missile Systems ;-2);1;1;['damaged'];https://i.postimg.cc/DZXDG2k3/779.png
9249;RU;['Russia'];Surface-To-Air Missile Systems ;9A310M1-2 TELAR;1;2;['damaged'];https://i.postimg.cc/13gLvvv6/1031-9-A310-M1-2-dam-04-06-23.jpg;_6bc44a57505735eb8582;_080d5149f7431c3936e3;9248;RU;['Russia'];Surface-To-Air Missile Systems ;-2);1;2;['damaged'];https://i.postimg.cc/13gLvvv6/1031-9-A310-M1-2-dam-04-06-23.jpg
9250;RU;['Russia'];Surface-To-Air Missile Systems ;9A310M1-2 TELAR;1;3;['damaged'];https://i.postimg.cc/MG76ZRCY/1016-buk-dam-04-08-23.jpg;_a95b7127ca860a8156c6;_1f99019e0b68e223d2b0;9249;RU;['Russia'];Surface-To-Air Missile Systems ;-2);1;3;['damaged'];https://i.postimg.cc/MG76ZRCY/1016-buk-dam-04-08-23.jpg
9256;RU;['Russia'];Surface-To-Air Missile Systems ;9A317 TELAR;2;1;['destroyed'];https://i.postimg.cc/02Xp3ZcM/1015.jpg;_7d11902ce593f8fad37e;_a392976a83ce56a99ff6;9255;RU;['Russia'];Surface-To-Air Missile Systems ;);2;1;['destroyed'];https://i.postimg.cc/02Xp3ZcM/1015.jpg
9257;RU;['Russia'];Surface-To-Air Missile Systems ;9A317 TELAR;2;2;['destroyed'];https://i.postimg.cc/44FRHhP5/456.png;_454a0a0ffc947193a552;_667e1acad172cdeadea8;9256;RU;['Russia'];Surface-To-Air Missile Systems ;);2;2;['destroyed'];https://i.postimg.cc/44FRHhP5/456.png
9258;RU;['Russia'];Surface-To-Air Missile Systems ;9A317 TELAR;2;3;['destroyed'];https://i.postimg.cc/Ssmvwcc0/4378.png;_e9e922aef23edca804cd;_fc493be06430e57f32be;9257;RU;['Russia'];Surface-To-Air Missile Systems ;);2;3;['destroyed'];https://i.postimg.cc/Ssmvwcc0/4378.png
9259;RU;['Russia'];Surface-To-Air Missile Systems ;9A317 TELAR;2;4;['destroyed'];https://i.postimg.cc/9FyFD1Sr/42d.png;_c9b150fe1f3562f38f7a;_9dd2a5a7c8166b577cdc;9258;RU;['Russia'];Surface-To-Air Missile Systems ;);2;4;['destroyed'];https://i.postimg.cc/9FyFD1Sr/42d.png
9260;RU;['Russia'];Surface-To-Air Missile Systems ;9A317 TELAR;2;5;['destroyed'];https://twitter.com/UAWeapons/status/1566862026173038594;_b9e54224345505522dea;_a31f05f0371819e6919f;9259;RU;['Russia'];Surface-To-Air Missile Systems ;);2;5;['destroyed'];https://twitter.com/UAWeapons/status/1566862026173038594
9261;RU;['Russia'];Surface-To-Air Missile Systems ;9A317 TELAR;2;6;['destroyed'];https://i.postimg.cc/G2wxRcvD/2022-04-07-9a317.jpg;_fc45e13af1b9443d85c7;_5b3712e3859a9c953cc4;9260;RU;['Russia'];Surface-To-Air Missile Systems ;);2;6;['destroyed'];https://i.postimg.cc/G2wxRcvD/2022-04-07-9a317.jpg
9262;RU;['Russia'];Surface-To-Air Missile Systems ;9A317 TELAR;2;7;['destroyed'];https://i.postimg.cc/nzD9RjPx/4f6.png;_1f0602db00ccac3bf5e8;_fead5b5e5cfa1d41da59;9261;RU;['Russia'];Surface-To-Air Missile Systems ;);2;7;['destroyed'];https://i.postimg.cc/nzD9RjPx/4f6.png
9263;RU;['Russia'];Surface-To-Air Missile Systems ;9A317 TELAR;2;8;['destroyed'];https://twitter.com/UAWeapons/status/1634494232814665728;_14fbaa18dd893f3d39e5;_96bb0c0151c6490ee70b;9262;RU;['Russia'];Surface-To-Air Missile Systems ;);2;8;['destroyed'];https://twitter.com/UAWeapons/status/1634494232814665728
9264;RU;['Russia'];Surface-To-Air Missile Systems ;9A317 TELAR;2;9;['destroyed'];https://i.postimg.cc/vH4qwtb8/1008-buk-destr-24-07-23.jpg;_892b7e49060786ff78fc;_c6bd89d3ec04604795bc;9263;RU;['Russia'];Surface-To-Air Missile Systems ;);2;9;['destroyed'];https://i.postimg.cc/vH4qwtb8/1008-buk-destr-24-07-23.jpg
9265;RU;['Russia'];Surface-To-Air Missile Systems ;9A317 TELAR;2;10;['destroyed'];https://i.postimg.cc/gjtLTb5C/6530.png;_0129c06d7a36562531a8;_235b6dcd0bf80b74f60a;9264;RU;['Russia'];Surface-To-Air Missile Systems ;);2;10;['destroyed'];https://i.postimg.cc/gjtLTb5C/6530.png
9266;RU;['Russia'];Surface-To-Air Missile Systems ;9A317 TELAR;2;1;['damaged'];https://i.postimg.cc/JnCgXRXL/1016-9-A317.jpg;_3728d56813dbced7124e;_b45acc11cf882d8a6098;9265;RU;['Russia'];Surface-To-Air Missile Systems ;);2;1;['damaged'];https://i.postimg.cc/JnCgXRXL/1016-9-A317.jpg
9267;RU;['Russia'];Surface-To-Air Missile Systems ;9A317 TELAR;2;1;['captured'];https://i.postimg.cc/wx1tSZzy/48.jpg;_bbe241404f1bd426d42e;_3f352e1762e2fa51565c;9266;RU;['Russia'];Surface-To-Air Missile Systems ;);2;1;['captured'];https://i.postimg.cc/wx1tSZzy/48.jpg
9268;RU;['Russia'];Surface-To-Air Missile Systems ;9A316 TEL (for Buk-M2);2;1;['destroyed'];https://twitter.com/UAWeapons/status/1685581789169852416;_cb767ff3cdfb85ce0b14;_fecf5810885761ac1f0d;9267;RU;['Russia'];Surface-To-Air Missile Systems ;);2;1;['destroyed'];https://twitter.com/UAWeapons/status/1685581789169852416
9269;RU;['Russia'];Surface-To-Air Missile Systems ;9A316 TEL (for Buk-M2);2;2;['destroyed'];https://twitter.com/DefenceU/status/1703361403829285129;_7fc38a27043ad7485bde;_201b9cc341a01f8c3ae0;9268;RU;['Russia'];Surface-To-Air Missile Systems ;);2;2;['destroyed'];https://twitter.com/DefenceU/status/1703361403829285129
9270;RU;['Russia'];Surface-To-Air Missile Systems ;9A316 TEL (for Buk-M2);2;1;['captured'];https://i.postimg.cc/cC3bYzgz/3d.jpg;_9ded328320fa31c8fc2d;_027819afc29d7bc300fc;9269;RU;['Russia'];Surface-To-Air Missile Systems ;);2;1;['captured'];https://i.postimg.cc/cC3bYzgz/3d.jpg
9271;RU;['Russia'];Surface-To-Air Missile Systems ;9A316 TEL (for Buk-M2);2;2;['captured'];https://i.postimg.cc/yYtY083v/y5.jpg;_4b6ff1fa9269e3b25b2f;_fcb5efeea2bfb1604d86;9270;RU;['Russia'];Surface-To-Air Missile Systems ;);2;2;['captured'];https://i.postimg.cc/yYtY083v/y5.jpg
9272;RU;['Russia'];Surface-To-Air Missile Systems ;9A316 TEL (for Buk-M2);2;3;['captured'];https://i.postimg.cc/4xw3DhHx/26.png;_773798342aa9d3f9eaee;_dc96c929ef5826c6ca2b;9271;RU;['Russia'];Surface-To-Air Missile Systems ;);2;3;['captured'];https://i.postimg.cc/4xw3DhHx/26.png
9273;RU;['Russia'];Surface-To-Air Missile Systems ;Unknown Buk M1-2/M2/M3 TEL(AR);11;1;['destroyed'];https://i.postimg.cc/sf0JFTHR/21d.jpg;_5a4b8d626904c674a0c5;_47727405037866c116e0;9272;RU;['Russia'];Surface-To-Air Missile Systems ; ;11;1;['destroyed'];https://i.postimg.cc/sf0JFTHR/21d.jpg
9274;RU;['Russia'];Surface-To-Air Missile Systems ;Unknown Buk M1-2/M2/M3 TEL(AR);11;2;['destroyed'];https://i.postimg.cc/1tM362M2/668.jpg;_6afe1d3e5a4e186d9a36;_2274c67609720416c1e7;9273;RU;['Russia'];Surface-To-Air Missile Systems ; ;11;2;['destroyed'];https://i.postimg.cc/1tM362M2/668.jpg
9275;RU;['Russia'];Surface-To-Air Missile Systems ;Unknown Buk M1-2/M2/M3 TEL(AR);11;3;['destroyed'];https://i.postimg.cc/xTzzqrBh/5g3.jpg;_ff54aeed469a55111d98;_4b3290e45d42eb1bea56;9274;RU;['Russia'];Surface-To-Air Missile Systems ; ;11;3;['destroyed'];https://i.postimg.cc/xTzzqrBh/5g3.jpg
9276;RU;['Russia'];Surface-To-Air Missile Systems ;Unknown Buk M1-2/M2/M3 TEL(AR);11;4;['destroyed'];https://i.postimg.cc/xTzzqrBh/5g3.jpg;_2ce2e2ab02ace05df91d;_7d3b71a32cd0085c6994;9275;RU;['Russia'];Surface-To-Air Missile Systems ; ;11;4;['destroyed'];https://i.postimg.cc/xTzzqrBh/5g3.jpg
9277;RU;['Russia'];Surface-To-Air Missile Systems ;Unknown Buk M1-2/M2/M3 TEL(AR);11;5;['destroyed'];https://i.postimg.cc/jqPsVdGC/1036-buk-destr-03-08-23.jpg;_b6744c1613c1c2398d04;_adb90b438396fe4956a6;9276;RU;['Russia'];Surface-To-Air Missile Systems ; ;11;5;['destroyed'];https://i.postimg.cc/jqPsVdGC/1036-buk-destr-03-08-23.jpg
9278;RU;['Russia'];Surface-To-Air Missile Systems ;Unknown Buk M1-2/M2/M3 TEL(AR);11;6;['destroyed'];https://twitter.com/NOELreports/status/1687173104819163136;_ab91ddd6a41b09c0ae09;_f046b2b8528311708253;9277;RU;['Russia'];Surface-To-Air Missile Systems ; ;11;6;['destroyed'];https://twitter.com/NOELreports/status/1687173104819163136
9279;RU;['Russia'];Surface-To-Air Missile Systems ;Unknown Buk M1-2/M2/M3 TEL(AR);11;7;['destroyed'];https://i.postimg.cc/T3zcQ43j/4377.png;_cf4af8eb1bea65a1cd58;_9b2834c712b788628438;9278;RU;['Russia'];Surface-To-Air Missile Systems ; ;11;7;['destroyed'];https://i.postimg.cc/T3zcQ43j/4377.png
9280;RU;['Russia'];Surface-To-Air Missile Systems ;Unknown Buk M1-2/M2/M3 TEL(AR);11;8;['destroyed'];https://i.postimg.cc/HsG5qygH/32651.png;_de959924c1c93c45fb26;_e4e7446e7684fd49a08f;9279;RU;['Russia'];Surface-To-Air Missile Systems ; ;11;8;['destroyed'];https://i.postimg.cc/HsG5qygH/32651.png
9281;RU;['Russia'];Surface-To-Air Missile Systems ;Unknown Buk M1-2/M2/M3 TEL(AR);11;9;['destroyed'];https://i.postimg.cc/2S5pFRFQ/146.png;_a0ff18bc83e8e01e2190;_cc5945ff15bde513349e;9280;RU;['Russia'];Surface-To-Air Missile Systems ; ;11;9;['destroyed'];https://i.postimg.cc/2S5pFRFQ/146.png
9282;RU;['Russia'];Surface-To-Air Missile Systems ;Unknown Buk M1-2/M2/M3 TEL(AR);11;10;['destroyed'];https://twitter.com/bayraktar_1love/status/1720542874108854650;_24fa789cf9b1a941b7ea;_975f2da0a5767141d856;9281;RU;['Russia'];Surface-To-Air Missile Systems ; ;11;10;['destroyed'];https://twitter.com/bayraktar_1love/status/1720542874108854650
9283;RU;['Russia'];Surface-To-Air Missile Systems ;Unknown Buk M1-2/M2/M3 TEL(AR);11;1;['damaged'];https://i.postimg.cc/XJdFqjft/544.png;_a4ba2b504cd7650ef4ef;_58b615af8736b9724996;9282;RU;['Russia'];Surface-To-Air Missile Systems ; ;11;1;['damaged'];https://i.postimg.cc/XJdFqjft/544.png
9284;RU;['Russia'];Surface-To-Air Missile Systems ;9A317M TELAR (for Buk-M3);3;1;['destroyed'];https://twitter.com/DefenceU/status/1703361403829285129;_d4930bb11647992e5b3a;_9fdb5fec1b741af7d48b;9283;RU;['Russia'];Surface-To-Air Missile Systems ;);3;1;['destroyed'];https://twitter.com/DefenceU/status/1703361403829285129
9285;RU;['Russia'];Surface-To-Air Missile Systems ;9A317M TELAR (for Buk-M3);3;2;['destroyed'];https://i.postimg.cc/rwfn8D4W/2500.png;_23a4f679bef42befdd27;_5ed24e744a5bcc86edbf;9284;RU;['Russia'];Surface-To-Air Missile Systems ;);3;2;['destroyed'];https://i.postimg.cc/rwfn8D4W/2500.png
9366;RU;['Russia'];Radars ;9S18 Kupol (for Buk-M1-2/M2);19;1;['destroyed'];https://i.postimg.cc/4N2GVcss/1035-9-S18-Tube-Arm-radar-variant-for-the-Buk-missile-system-destr-12-05-23.jpg;_17f38fa4894ec2a29d35;_4149f8325cf549290095;9365;RU;['Russia'];Radars ;S18 Kupol (for Buk-M1-2/M2);19;1;['destroyed'];https://i.postimg.cc/4N2GVcss/1035-9-S18-Tube-Arm-radar-variant-for-the-Buk-missile-system-destr-12-05-23.jpg
9367;RU;['Russia'];Radars ;9S18 Kupol (for Buk-M1-2/M2);19;2;['destroyed'];https://twitter.com/UAWeapons/status/1591751621360377856;_f87b4e3b6e4141257513;_c94bfabd9f4fdc007d95;9366;RU;['Russia'];Radars ;S18 Kupol (for Buk-M1-2/M2);19;2;['destroyed'];https://twitter.com/UAWeapons/status/1591751621360377856
9368;RU;['Russia'];Radars ;9S18M1(-2) (for Buk-M2);19;1;['captured'];https://i.postimg.cc/qMVp7ZP5/579.jpg;_a39252c6d07648851dd2;_015d2780c30d8a6b9bf6;9367;RU;['Russia'];Radars ;S18М1(-2) (for Buk-M2);19;1;['captured'];https://i.postimg.cc/qMVp7ZP5/579.jpg
9369;RU;['Russia'];Radars ;9S18M1(-3) (for Buk-M3);19;1;['destroyed'];https://i.postimg.cc/1R8dSsf4/54fd.png;_4081a0ffae59b07e9837;_c2c273f9f1310b534a1d;9368;RU;['Russia'];Radars ;S18М1(-3) (for Buk-M3);19;1;['destroyed'];https://i.postimg.cc/1R8dSsf4/54fd.png
9373;RU;['the Soviet Union'];Radars ;"5N63S ""Flap Lid B"" engagement and tracking radar of the S-300";15;1;['destroyed'];https://twitter.com/NOELreports/status/1720472217308270825;_be7f04fc11e0df3468dc;_1a6db09d66128dc268e6;9372;RU;['the Soviet Union'];Radars ;N63S “Flap Lid B” engagement and tracking radar of the S-300;15;1;['destroyed'];https://twitter.com/NOELreports/status/1720472217308270825
9715;RU;['Russia'];Unmanned Combat Aerial Vehicles;Eleron T-16;1;1;['captured'];https://twitter.com/UAWeapons/status/1688901561961861120;_e2f1859e8480d6b0dc15;_a7c7c479e21b3ea5ddd2;9714;RU;['Russia'];Unmanned Combat Aerial Vehicles;6;1;1;['captured'];https://twitter.com/UAWeapons/status/1688901561961861120
9959;RU;['Russia'];Reconnaissance Unmanned Aerial Vehicles;ZALA 421-16E;42;1;['destroyed'];https://i.postimg.cc/g0PSJpwZ/g2.jpg;_afa7dee90138077918c2;_7867d6783e364186c200;9958;RU;['Russia'];Reconnaissance Unmanned Aerial Vehicles;ZALA 421-16Е;42;1;['destroyed'];https://i.postimg.cc/g0PSJpwZ/g2.jpg
9960;RU;['Russia'];Reconnaissance Unmanned Aerial Vehicles;ZALA 421-16E;42;2;['destroyed'];https://i.postimg.cc/qqBxnjfW/480.png;_3bed94bc647e0d7896a9;_8a7f0b82ee63d5e773f1;9959;RU;['Russia'];Reconnaissance Unmanned Aerial Vehicles;ZALA 421-16Е;42;2;['destroyed'];https://i.postimg.cc/qqBxnjfW/480.png
9961;RU;['Russia'];Reconnaissance Unmanned Aerial Vehicles;ZALA 421-16E;42;3;['destroyed'];https://twitter.com/UAWeapons/status/1596555550741106689;_80cf7faf846458e0aede;_3c322b4c3b0aa300ccfc;9960;RU;['Russia'];Reconnaissance Unmanned Aerial Vehicles;ZALA 421-16Е;42;3;['destroyed'];https://twitter.com/UAWeapons/status/1596555550741106689
9962;RU;['Russia'];Reconnaissance Unmanned Aerial Vehicles;ZALA 421-16E;42;4;['destroyed'];https://i.postimg.cc/NFv5zBnP/1028-Zala-421-destr-09-02-23.jpg;_5f0b6ea761ea8f1271ee;_fa909f7c13c57db1e8cc;9961;RU;['Russia'];Reconnaissance Unmanned Aerial Vehicles;ZALA 421-16Е;42;4;['destroyed'];https://i.postimg.cc/NFv5zBnP/1028-Zala-421-destr-09-02-23.jpg
9963;RU;['Russia'];Reconnaissance Unmanned Aerial Vehicles;ZALA 421-16E;42;5;['destroyed'];https://i.postimg.cc/HLMrshw0/1011-ZALA-421-16-E2-destr-08-03-23.jpg;_c6cafee683c11ea246e3;_f141aca75f3450bb4b5d;9962;RU;['Russia'];Reconnaissance Unmanned Aerial Vehicles;ZALA 421-16Е;42;5;['destroyed'];https://i.postimg.cc/HLMrshw0/1011-ZALA-421-16-E2-destr-08-03-23.jpg
9964;RU;['Russia'];Reconnaissance Unmanned Aerial Vehicles;ZALA 421-16E;42;6;['destroyed'];https://i.postimg.cc/nL7SrL8F/798.png;_795cd5c8be1a83f6996b;_ee01369ef83bf9d01183;9963;RU;['Russia'];Reconnaissance Unmanned Aerial Vehicles;ZALA 421-16Е;42;6;['destroyed'];https://i.postimg.cc/nL7SrL8F/798.png
9965;RU;['Russia'];Reconnaissance Unmanned Aerial Vehicles;ZALA 421-16E;42;7;['destroyed'];https://i.postimg.cc/FFPpDTpS/1054-zala421-destr-29-04-23.jpg;_e4f0e458b8fcf1e4eea7;_88085795562c457fa651;9964;RU;['Russia'];Reconnaissance Unmanned Aerial Vehicles;ZALA 421-16Е;42;7;['destroyed'];https://i.postimg.cc/FFPpDTpS/1054-zala421-destr-29-04-23.jpg
9966;RU;['Russia'];Reconnaissance Unmanned Aerial Vehicles;ZALA 421-16E;42;8;['destroyed'];https://i.postimg.cc/NFrmRYXh/1007-ZALA-421-16-2-destr-30-01-23.jpg;_197df2aa438bc6ddcd4f;_884a922183c1a625abba;9965;RU;['Russia'];Reconnaissance Unmanned Aerial Vehicles;ZALA 421-16Е;42;8;['destroyed'];https://i.postimg.cc/NFrmRYXh/1007-ZALA-421-16-2-destr-30-01-23.jpg
9967;RU;['Russia'];Reconnaissance Unmanned Aerial Vehicles;ZALA 421-16E;42;9;['destroyed'];https://i.postimg.cc/7YVfKvnm/1019-orlan10-destr-08-02-23.jpg;_7de228fc81e8f739a802;_3170e1da7a1ad80505ab;9966;RU;['Russia'];Reconnaissance Unmanned Aerial Vehicles;ZALA 421-16Е;42;9;['destroyed'];https://i.postimg.cc/7YVfKvnm/1019-orlan10-destr-08-02-23.jpg
9968;RU;['Russia'];Reconnaissance Unmanned Aerial Vehicles;ZALA 421-16E;42;10;['destroyed'];https://i.postimg.cc/yxg3PfPB/1012-ZALA-421-16-E2-destr-15-06-23.jpg;_a347c1c9e577b28cf25b;_83e20d0e8562e63fc31a;9967;RU;['Russia'];Reconnaissance Unmanned Aerial Vehicles;ZALA 421-16Е;42;10;['destroyed'];https://i.postimg.cc/yxg3PfPB/1012-ZALA-421-16-E2-destr-15-06-23.jpg
9969;RU;['Russia'];Reconnaissance Unmanned Aerial Vehicles;ZALA 421-16E;42;11;['destroyed'];https://i.postimg.cc/DzSTG07x/1012-ZALA-421-16-2-destr-15-06-23.jpg;_69082a50a24448ef1561;_ce43982ef9865422df3d;9968;RU;['Russia'];Reconnaissance Unmanned Aerial Vehicles;ZALA 421-16Е;42;11;['destroyed'];https://i.postimg.cc/DzSTG07x/1012-ZALA-421-16-2-destr-15-06-23.jpg
9970;RU;['Russia'];Reconnaissance Unmanned Aerial Vehicles;ZALA 421-16E;42;12;['destroyed'];https://i.postimg.cc/76nwXdG6/1020-Zala-421-16-E2-destr-02-07-23.jpg;_d2703e5c926380c4c961;_d72d42d5ccaf7d82e1f3;9969;RU;['Russia'];Reconnaissance Unmanned Aerial Vehicles;ZALA 421-16Е;42;12;['destroyed'];https://i.postimg.cc/76nwXdG6/1020-Zala-421-16-E2-destr-02-07-23.jpg
9971;RU;['Russia'];Reconnaissance Unmanned Aerial Vehicles;ZALA 421-16E;42;13;['destroyed'];https://i.postimg.cc/c1nKLJwC/1013-Zala-421-16-E-destr-05-07-23.jpg;_8018f2a0c66f5ccdd875;_d8f81d104b0ff48d281d;9970;RU;['Russia'];Reconnaissance Unmanned Aerial Vehicles;ZALA 421-16Е;42;13;['destroyed'];https://i.postimg.cc/c1nKLJwC/1013-Zala-421-16-E-destr-05-07-23.jpg
9972;RU;['Russia'];Reconnaissance Unmanned Aerial Vehicles;ZALA 421-16E;42;14;['destroyed'];https://i.postimg.cc/jSPD1F96/1014-ZALA-421-16-E-destr-08-07-23.jpg;_ac4383bd6b403cd5259d;_835b2f6847b9af7fbff9;9971;RU;['Russia'];Reconnaissance Unmanned Aerial Vehicles;ZALA 421-16Е;42;14;['destroyed'];https://i.postimg.cc/jSPD1F96/1014-ZALA-421-16-E-destr-08-07-23.jpg
9973;RU;['Russia'];Reconnaissance Unmanned Aerial Vehicles;ZALA 421-16E;42;15;['destroyed'];https://i.postimg.cc/J7skvp5C/1046-Zala-421-16-E-destr-14-06-23.jpg;_5258cceef10ae588d198;_063385e9fec07808cd2a;9972;RU;['Russia'];Reconnaissance Unmanned Aerial Vehicles;ZALA 421-16Е;42;15;['destroyed'];https://i.postimg.cc/J7skvp5C/1046-Zala-421-16-E-destr-14-06-23.jpg
9974;RU;['Russia'];Reconnaissance Unmanned Aerial Vehicles;ZALA 421-16E;42;16;['destroyed'];https://i.postimg.cc/bv2VhxGV/1022-Zala-421-16-E-destr-20-07-23.jpg;_bafc18ebfb754a132c84;_f9ed3d63260d7c88b4cd;9973;RU;['Russia'];Reconnaissance Unmanned Aerial Vehicles;ZALA 421-16Е;42;16;['destroyed'];https://i.postimg.cc/bv2VhxGV/1022-Zala-421-16-E-destr-20-07-23.jpg
9975;RU;['Russia'];Reconnaissance Unmanned Aerial Vehicles;ZALA 421-16E;42;17;['destroyed'];https://i.postimg.cc/4yrjCQfY/1009-ZALA-421-16-reconnaissance-UAV-destr-12-01-23.jpg;_3e085ca708d889d03090;_910d9eba2564b35f3874;9974;RU;['Russia'];Reconnaissance Unmanned Aerial Vehicles;ZALA 421-16Е;42;17;['destroyed'];https://i.postimg.cc/4yrjCQfY/1009-ZALA-421-16-reconnaissance-UAV-destr-12-01-23.jpg
9976;RU;['Russia'];Reconnaissance Unmanned Aerial Vehicles;ZALA 421-16E;42;18;['destroyed'];https://i.postimg.cc/9QPKS9vf/1013-ZALA-421-16-reconnaissance-UAV-destr-05-07-23.jpg;_fc9e4d7f65f7312e9d4e;_d486e8284d0014173094;9975;RU;['Russia'];Reconnaissance Unmanned Aerial Vehicles;ZALA 421-16Е;42;18;['destroyed'];https://i.postimg.cc/9QPKS9vf/1013-ZALA-421-16-reconnaissance-UAV-destr-05-07-23.jpg
9977;RU;['Russia'];Reconnaissance Unmanned Aerial Vehicles;ZALA 421-16E;42;19;['destroyed'];https://i.postimg.cc/qR08hpFV/1006-Zala-421-16-E-destr-26-07-23.jpg;_15c8c87aa509cd417254;_a96e22aa9281e20afd1d;9976;RU;['Russia'];Reconnaissance Unmanned Aerial Vehicles;ZALA 421-16Е;42;19;['destroyed'];https://i.postimg.cc/qR08hpFV/1006-Zala-421-16-E-destr-26-07-23.jpg
9978;RU;['Russia'];Reconnaissance Unmanned Aerial Vehicles;ZALA 421-16E;42;20;['destroyed'];https://i.postimg.cc/t43FmsGr/1000-Zala-421-16-E-destr-09-08-23.jpg;_2d52e120eee8010bf963;_1c6a0ede89f6809cd718;9977;RU;['Russia'];Reconnaissance Unmanned Aerial Vehicles;ZALA 421-16Е;42;20;['destroyed'];https://i.postimg.cc/t43FmsGr/1000-Zala-421-16-E-destr-09-08-23.jpg
9979;RU;['Russia'];Reconnaissance Unmanned Aerial Vehicles;ZALA 421-16E;42;21;['destroyed'];https://i.postimg.cc/Xqw4h8cj/1009-ZALA-421-16-reconnaissance-UAV-destr-21-08-23.jpg;_00a77b2a36eb9a040160;_f67db8fd4d8525a7ac71;9978;RU;['Russia'];Reconnaissance Unmanned Aerial Vehicles;ZALA 421-16Е;42;21;['destroyed'];https://i.postimg.cc/Xqw4h8cj/1009-ZALA-421-16-reconnaissance-UAV-destr-21-08-23.jpg
9980;RU;['Russia'];Reconnaissance Unmanned Aerial Vehicles;ZALA 421-16E;42;22;['destroyed'];https://i.postimg.cc/ht7P9h60/1003-ZALA-421-16-reconnaissance-UAV-destr-22-08-23.jpg;_05037b5cb460bd407a3f;_05950050f628abeca369;9979;RU;['Russia'];Reconnaissance Unmanned Aerial Vehicles;ZALA 421-16Е;42;22;['destroyed'];https://i.postimg.cc/ht7P9h60/1003-ZALA-421-16-reconnaissance-UAV-destr-22-08-23.jpg
9981;RU;['Russia'];Reconnaissance Unmanned Aerial Vehicles;ZALA 421-16E;42;23;['destroyed'];https://i.postimg.cc/d3qpwHfw/3700.png;_4d23243a34fea8193409;_8b2037533595c88a11b2;9980;RU;['Russia'];Reconnaissance Unmanned Aerial Vehicles;ZALA 421-16Е;42;23;['destroyed'];https://i.postimg.cc/d3qpwHfw/3700.png
9982;RU;['Russia'];Reconnaissance Unmanned Aerial Vehicles;ZALA 421-16E;42;24;['destroyed'];https://i.postimg.cc/fyK65ykQ/653.png;_f2e68d20176b5d69456a;_52b687485d03c5012289;9981;RU;['Russia'];Reconnaissance Unmanned Aerial Vehicles;ZALA 421-16Е;42;24;['destroyed'];https://i.postimg.cc/fyK65ykQ/653.png
9983;RU;['Russia'];Reconnaissance Unmanned Aerial Vehicles;ZALA 421-16E;42;25;['destroyed'];https://i.postimg.cc/T1JTsxtm/437.png;_83aefa911fc41c130b42;_d97aaf693e72892e7eab;9982;RU;['Russia'];Reconnaissance Unmanned Aerial Vehicles;ZALA 421-16Е;42;25;['destroyed'];https://i.postimg.cc/T1JTsxtm/437.png
9984;RU;['Russia'];Reconnaissance Unmanned Aerial Vehicles;ZALA 421-16E;42;26;['destroyed'];https://i.postimg.cc/DyCgs89j/436.png;_30c0e0a545d1f9e8395a;_2eb09dc8138233170a39;9983;RU;['Russia'];Reconnaissance Unmanned Aerial Vehicles;ZALA 421-16Е;42;26;['destroyed'];https://i.postimg.cc/DyCgs89j/436.png
9985;RU;['Russia'];Reconnaissance Unmanned Aerial Vehicles;ZALA 421-16E;42;27;['destroyed'];https://i.postimg.cc/2S6Lmwg7/754.png;_3d6fe3298da85869df58;_ab1f66b70bd327ef7c0b;9984;RU;['Russia'];Reconnaissance Unmanned Aerial Vehicles;ZALA 421-16Е;42;27;['destroyed'];https://i.postimg.cc/2S6Lmwg7/754.png
9986;RU;['Russia'];Reconnaissance Unmanned Aerial Vehicles;ZALA 421-16E;42;28;['destroyed'];https://i.postimg.cc/9Ff7K7j5/1021-Zala-421-16-E-destr-03-11-23.jpg;_b0880108fb1baeec1a16;_8e5a0a73ecc6553a15c8;9985;RU;['Russia'];Reconnaissance Unmanned Aerial Vehicles;ZALA 421-16Е;42;28;['destroyed'];https://i.postimg.cc/9Ff7K7j5/1021-Zala-421-16-E-destr-03-11-23.jpg
9987;RU;['Russia'];Reconnaissance Unmanned Aerial Vehicles;ZALA 421-16E;42;29;['destroyed'];https://i.postimg.cc/y6jRLTty/1025-Zala-421-16-E-destr-04-11-23.jpg;_3043428cd77af776d217;_29a6f407bf0d3aed59d1;9986;RU;['Russia'];Reconnaissance Unmanned Aerial Vehicles;ZALA 421-16Е;42;29;['destroyed'];https://i.postimg.cc/y6jRLTty/1025-Zala-421-16-E-destr-04-11-23.jpg
9988;RU;['Russia'];Reconnaissance Unmanned Aerial Vehicles;ZALA 421-16E;42;1;['captured'];https://i.postimg.cc/XqR7yK79/8744.jpg;_e945a9271ea572601c6e;_34567dc2dbcbe40b1f82;9987;RU;['Russia'];Reconnaissance Unmanned Aerial Vehicles;ZALA 421-16Е;42;1;['captured'];https://i.postimg.cc/XqR7yK79/8744.jpg
9989;RU;['Russia'];Reconnaissance Unmanned Aerial Vehicles;ZALA 421-16E;42;2;['captured'];https://i.postimg.cc/mZM31swq/1006.jpg;_7d7c158fba31bec73282;_e5638c1718a3b56b3d14;9988;RU;['Russia'];Reconnaissance Unmanned Aerial Vehicles;ZALA 421-16Е;42;2;['captured'];https://i.postimg.cc/mZM31swq/1006.jpg
9990;RU;['Russia'];Reconnaissance Unmanned Aerial Vehicles;ZALA 421-16E;42;3;['captured'];https://twitter.com/UAWeapons/status/1565999784208498689;_7a09d540c67c935265be;_4151c2dcf328ecbb08e2;9989;RU;['Russia'];Reconnaissance Unmanned Aerial Vehicles;ZALA 421-16Е;42;3;['captured'];https://twitter.com/UAWeapons/status/1565999784208498689
9991;RU;['Russia'];Reconnaissance Unmanned Aerial Vehicles;ZALA 421-16E;42;4;['captured'];https://twitter.com/UAWeapons/status/1621901318318088194;_0ecdfb27eac15f612102;_e4936e10be32ef3daf11;9990;RU;['Russia'];Reconnaissance Unmanned Aerial Vehicles;ZALA 421-16Е;42;4;['captured'];https://twitter.com/UAWeapons/status/1621901318318088194
9992;RU;['Russia'];Reconnaissance Unmanned Aerial Vehicles;ZALA 421-16E;42;5;['captured'];https://i.postimg.cc/SQdwFL0v/7769.png;_edc5967241be4bc04149;_6fb0e155cd5491654148;9991;RU;['Russia'];Reconnaissance Unmanned Aerial Vehicles;ZALA 421-16Е;42;5;['captured'];https://i.postimg.cc/SQdwFL0v/7769.png
9993;RU;['Russia'];Reconnaissance Unmanned Aerial Vehicles;ZALA 421-16E;42;6;['captured'];https://i.postimg.cc/3xVBQQcg/555g.png;_203724f7a7e03016ed86;_be349ca1da5ca1466030;9992;RU;['Russia'];Reconnaissance Unmanned Aerial Vehicles;ZALA 421-16Е;42;6;['captured'];https://i.postimg.cc/3xVBQQcg/555g.png
9994;RU;['Russia'];Reconnaissance Unmanned Aerial Vehicles;ZALA 421-16E;42;7;['captured'];https://i.postimg.cc/zXxjVkzK/1016-ZALA-421-16-2-reconnaissance-UAV-capt-18-05-23.jpg;_520efb5af2edf6e25ad1;_58ee44cf7610d6856091;9993;RU;['Russia'];Reconnaissance Unmanned Aerial Vehicles;ZALA 421-16Е;42;7;['captured'];https://i.postimg.cc/zXxjVkzK/1016-ZALA-421-16-2-reconnaissance-UAV-capt-18-05-23.jpg
9995;RU;['Russia'];Reconnaissance Unmanned Aerial Vehicles;ZALA 421-16E;42;8;['captured'];https://i.postimg.cc/fywcbV18/1044-ZALA-421-16-E2-reconnaissance-UAV-capt-10-05-23.png;_2a066084939d13ac7c36;_90698f4101d390a65185;9994;RU;['Russia'];Reconnaissance Unmanned Aerial Vehicles;ZALA 421-16Е;42;8;['captured'];https://i.postimg.cc/fywcbV18/1044-ZALA-421-16-E2-reconnaissance-UAV-capt-10-05-23.png
9996;RU;['Russia'];Reconnaissance Unmanned Aerial Vehicles;ZALA 421-16E;42;9;['captured'];https://i.postimg.cc/DzRKPhZn/1021-ZALA-421-16-2-capt-30-11-22.jpg;_7ba9cd19f7f5b8e51277;_a7c64a3c752512727545;9995;RU;['Russia'];Reconnaissance Unmanned Aerial Vehicles;ZALA 421-16Е;42;9;['captured'];https://i.postimg.cc/DzRKPhZn/1021-ZALA-421-16-2-capt-30-11-22.jpg
9997;RU;['Russia'];Reconnaissance Unmanned Aerial Vehicles;ZALA 421-16E;42;10;['captured'];https://i.postimg.cc/ZnLnB0Fw/1029-ZALA-421-16-E2-capt-30-06-23.jpg;_ff5fb77ff52de99550d6;_971103663441efb7dc46;9996;RU;['Russia'];Reconnaissance Unmanned Aerial Vehicles;ZALA 421-16Е;42;10;['captured'];https://i.postimg.cc/ZnLnB0Fw/1029-ZALA-421-16-E2-capt-30-06-23.jpg
9998;RU;['Russia'];Reconnaissance Unmanned Aerial Vehicles;ZALA 421-16E;42;11;['captured'];https://i.postimg.cc/JzCSPxYg/1008-ZALA-421-16-reconnaissance-UAV-capt-20-04-23.jpg;_d5092eec1147c3ba61a8;_6398ffd09bf77290dcea;9997;RU;['Russia'];Reconnaissance Unmanned Aerial Vehicles;ZALA 421-16Е;42;11;['captured'];https://i.postimg.cc/JzCSPxYg/1008-ZALA-421-16-reconnaissance-UAV-capt-20-04-23.jpg
9999;RU;['Russia'];Reconnaissance Unmanned Aerial Vehicles;ZALA 421-16E;42;12;['captured'];https://i.postimg.cc/nVN58JcJ/1002-zala-uav-capt-17-08-23.jpg;_98b8fbf3de34854d1ca3;_2530f4af214376ec64a5;9998;RU;['Russia'];Reconnaissance Unmanned Aerial Vehicles;ZALA 421-16Е;42;12;['captured'];https://i.postimg.cc/nVN58JcJ/1002-zala-uav-capt-17-08-23.jpg
10000;RU;['Russia'];Reconnaissance Unmanned Aerial Vehicles;ZALA 421-16E;42;13;['captured'];https://i.postimg.cc/qvSpzmS9/52.png;_ff9ed513dc2b0d2d31e4;_2ba02db0a10f9d6f68a0;9999;RU;['Russia'];Reconnaissance Unmanned Aerial Vehicles;ZALA 421-16Е;42;13;['captured'];https://i.postimg.cc/qvSpzmS9/52.png
10001;RU;['Russia'];Reconnaissance Unmanned Aerial Vehicles;ZALA 421-16EM;2;1;['captured'];https://twitter.com/UAWeapons/status/1576500730478764032;_d1785000253d826bde2e;_2fa7d19d637d88477a5c;10000;RU;['Russia'];Reconnaissance Unmanned Aerial Vehicles;ZALA 421-16ЕM;2;1;['captured'];https://twitter.com/UAWeapons/status/1576500730478764032
10002;RU;['Russia'];Reconnaissance Unmanned Aerial Vehicles;ZALA 421-16EM;2;2;['captured'];https://i.postimg.cc/0yy0crnS/1028-ZALA-421-16-E-capt-29-05-23.jpg;_ee0d643c2a1f5ef67746;_85821e7bdc9775e10ace;10001;RU;['Russia'];Reconnaissance Unmanned Aerial Vehicles;ZALA 421-16ЕM;2;2;['captured'];https://i.postimg.cc/0yy0crnS/1028-ZALA-421-16-E-capt-29-05-23.jpg
12669;RU;['Russia'];Trucks, Vehicles, and Jeeps;UAZ-394511 'Esaul';5;1;['destroyed'];https://i.postimg.cc/VLdBWJq6/1021.jpg;_e8a814b8aaf06988b211;_419b11522cfe2164f127;12668;RU;['Russia'];Trucks, Vehicles, and Jeeps;UAZ-394511 ‘Esaul’;5;1;['destroyed'];https://i.postimg.cc/VLdBWJq6/1021.jpg
12670;RU;['Russia'];Trucks, Vehicles, and Jeeps;UAZ-394511 'Esaul';5;2;['destroyed'];https://twitter.com/RALee85/status/1550251325958529027;_7911910ddd3be078641b;_cd0220426c898a8f5122;12669;RU;['Russia'];Trucks, Vehicles, and Jeeps;UAZ-394511 ‘Esaul’;5;2;['destroyed'];https://twitter.com/RALee85/status/1550251325958529027
12671;RU;['Russia'];Trucks, Vehicles, and Jeeps;UAZ-394511 'Esaul';5;3;['destroyed'];https://i.postimg.cc/Bbc53zvc/1003-esaul.jpg;_89d75e3b932c7c942630;_cdcf764c1d549c3c40ff;12670;RU;['Russia'];Trucks, Vehicles, and Jeeps;UAZ-394511 ‘Esaul’;5;3;['destroyed'];https://i.postimg.cc/Bbc53zvc/1003-esaul.jpg
12672;RU;['Russia'];Trucks, Vehicles, and Jeeps;UAZ-394511 'Esaul';5;1;['damaged', 'captured'];https://i.postimg.cc/tggdgvNx/54g.jpg;_d51080406389833a95ec;_d81ba8dd3ef4b1911a64;12671;RU;['Russia'];Trucks, Vehicles, and Jeeps;UAZ-394511 ‘Esaul’;5;1;['damaged', 'captured'];https://i.postimg.cc/tggdgvNx/54g.jpg
12673;RU;['Russia'];Trucks, Vehicles, and Jeeps;UAZ-394511 'Esaul';5;2;['damaged', 'captured'];https://i.postimg.cc/3ww79TFW/1000-Esaul.png;_e8ad5282fba7f0759360;_802c7b879152673834aa;12672;RU;['Russia'];Trucks, Vehicles, and Jeeps;UAZ-394511 ‘Esaul’;5;2;['damaged', 'captured'];https://i.postimg.cc/3ww79TFW/1000-Esaul.png
12997;UA;['the Soviet Union'];Tanks;M-55S;2;1;['destroyed'];https://twitter.com/UAWeapons/status/1682710915811033092;_b1a099e1285edcba9fca;_;;;;;;;;;
12998;UA;['the Soviet Union'];Tanks;M-55S;2;1;['damaged'];https://twitter.com/UAWeapons/status/1680549443043483654;_6ece8a8f86760be7e694;_;;;;;;;;;
16069;UA;['the Soviet Union'];Self-Propelled Artillery;120mm BRM-1K with 2S9 Nona turret;2;1;['destroyed'];https://i.postimg.cc/TPY9STLt/3502.jpg;_763ee9fb8546bcec495d;_3b6174a0426c600d6fbb;;;;;;;;;
16070;UA;['the Soviet Union'];Self-Propelled Artillery;120mm BRM-1K with 2S9 Nona turret;2;2;['destroyed'];https://i.postimg.cc/76gggt9R/2004-2-S17-2-Nona-SV-SPG-on-a-BMP-chassis-destr-24-08-23.jpg;_7fda39ae687c4392bc62;_fc5fdc4485037e942ab1;;;;;;;;;
16071;UA;['the United States'];Self-Propelled Artillery;120mm M1064A3;1;1;['destroyed'];https://i.postimg.cc/6Q9ccNGX/2013-120mm-self-propelled-gun-1064-3-destr-18-08-23.jpg;_27deb4c79f979ce8a190;_d58ad46e7c4e75045404;;;;;;;;;
16072;UA;['Spain'];Self-Propelled Artillery;120mm Alakran;2;1;['destroyed'];https://i.postimg.cc/tC9nxQkn/2010-NGTS-Alacran-120mm-light-mortar-carrier-destr-11-08-23.jpg;_f24dedfe9aa5364b2a5b;_b0397dfda0ab52a454a4;;;;;;;;;
16073;UA;['Spain'];Self-Propelled Artillery;120mm Alakran;2;2;['destroyed'];https://i.postimg.cc/CKk7QN6D/2004-120mm-alakran-mortar-carrier-15-08-23.jpg;_b572339738ff389967e8;_65790d482dd5681c435e;;;;;;;;;
16405;UA;['the Soviet Union'];Surface-To-Air Missile Systems ;9A310M1 TELAR;1;1;['destroyed'];https://i.postimg.cc/65Hjk0rQ/5542.png;_a90887be992506d0388c;_01d685f4b092a15b03f9;;;;;;;;;
16406;UA;['the Soviet Union'];Surface-To-Air Missile Systems ;9A310M1 TELAR;1;2;['destroyed'];https://i.postimg.cc/R0zqrJKg/3d1.png;_0a3de2455c1b0f5de01a;_54a2677650fd9ad2f0c4;;;;;;;;;
16407;UA;['the Soviet Union'];Surface-To-Air Missile Systems ;9A310M1 TELAR;1;3;['destroyed'];https://twitter.com/UAWeapons/status/1554548223989219330;_bd1d5aadd9942c56de26;_37ad40d6c068dc56bf66;;;;;;;;;
16408;UA;['the Soviet Union'];Surface-To-Air Missile Systems ;9A310M1 TELAR;1;4;['destroyed'];https://i.postimg.cc/7hcdXn05/2001-9-A310-M1-destr.jpg;_e61d7451e25c0c9c8a4e;_51de11a18a86eeb5ffdf;;;;;;;;;
16409;UA;['the Soviet Union'];Surface-To-Air Missile Systems ;9A310M1 TELAR;1;5;['destroyed'];https://twitter.com/imp_navigator/status/1605216379405275136;_7aa5da45da10c4bb7a9e;_f12074f097561bd0d414;;;;;;;;;
16410;UA;['the Soviet Union'];Surface-To-Air Missile Systems ;9A310M1 TELAR;1;6;['destroyed'];https://i.postimg.cc/3x2Zkk5r/2001-buk.jpg;_86ad16bec61cad1436a3;_d5f928f60bacf564e572;;;;;;;;;
16411;UA;['the Soviet Union'];Surface-To-Air Missile Systems ;9A310M1 TELAR;1;7;['destroyed'];https://twitter.com/UAWeapons/status/1645494751930593280;_a1ee5ae9efae0a12207a;_40b09122ae8e647889ea;;;;;;;;;
16412;UA;['the Soviet Union'];Surface-To-Air Missile Systems ;9A310M1 TELAR;1;8;['destroyed'];https://twitter.com/naalsio26/status/1647393162229317632;_c4db52f3e3f253a9db6e;_fabadfcc184965275284;;;;;;;;;
16413;UA;['the Soviet Union'];Surface-To-Air Missile Systems ;9A310M1 TELAR;1;9;['destroyed'];https://twitter.com/UAWeapons/status/1663889322469126145;_890d97696e17b0d84271;_78834667351e82b27f90;;;;;;;;;
16414;UA;['the Soviet Union'];Surface-To-Air Missile Systems ;9A310M1 TELAR;1;10;['destroyed'];https://i.postimg.cc/85LwMt6D/2033-Buk-M1-9-A310-M1-TELAR-destr-12-05-23.jpg;_c8d9b6effb86a6c14518;_fd7984add54b02bb93f3;;;;;;;;;
16415;UA;['the Soviet Union'];Surface-To-Air Missile Systems ;9A310M1 TELAR;1;1;['damaged'];https://twitter.com/imp_navigator/status/1589556151112568832;_42deb4030bbcda9a7b49;_7f1b6863a06d271809d7;;;;;;;;;
16416;UA;['the Soviet Union'];Surface-To-Air Missile Systems ;9A310M1 TELAR;1;2;['damaged'];https://i.postimg.cc/pXqc056z/1300-9a310m1-dam-29-10-22.jpg;_3f80bebcc063ee52a001;_5db2a8e258f2d9bcd168;;;;;;;;;
16417;UA;['the Soviet Union'];Surface-To-Air Missile Systems ;9A310M1 TELAR;1;1;['captured'];https://i.postimg.cc/9fjq8cLK/2014-9-A310-M1-TELAR-for-Buk-M1-capt-31-08-22.jpg;_11c8d09ed5dca18bcf3b;_46a8023aa65196669273;;;;;;;;;
17590;UA;['Switzerland'];Trucks, Vehicles, and Jeeps;Downgraded Mowag Eagle II;1;1;['destroyed'];https://i.postimg.cc/gJ68NVLw/2001-downgraded-Mowag-Eagle-II-destr-09-08-23.jpg;_7d65f48671b5bd3b5995;_415b57c397e362305ccd;;;;;;;;;
7331;RU;['Russia'];Command Posts And Communications Stations ;9S932-2 intelligence, control and command vehicle (for Barnaul-T);1;1;['captured'];https://i.postimg.cc/sgRgNPnP/1001-9-S932-2.jpg;_3248b413bf859a0857d7;_e1c0510a84b27184a95a;7331;RU;['Russia'];Command Posts And Communications Stations ;S932-2 intelligence, control and command vehicle (for Barnaul-T);19;1;['captured'];https://i.postimg.cc/sgRgNPnP/1001-9-S932-2.jpg
7333;RU;['Russia'];Command Posts And Communications Stations ;55K6A command post for S-400;1;1;['destroyed'];https://twitter.com/UAWeapons/status/1663600729775554561;_d49405e04fdae1af03ba;_fb77438d764e45856117;7333;RU;['Russia'];Command Posts And Communications Stations ;55K6A command post for S-400;1;1;['destroyed'];https://twitter.com/UAWeapons/status/1663600729775554561
7820;RU;['the Soviet Union'];Artillery Support Vehicles And Equipment;1V110 BM-21 Grad battery command vehicle;1;1;['captured', 'destroyed'];https://i.postimg.cc/VLV92mk5/433.png;_d77cbbcbf95601ec3eeb;_52c87f7352f2d57526b7;7820;RU;['the Soviet Union'];Artillery Support Vehicles And Equipment;V110 BM-21 Grad battery command vehicle;11;1;['captured', 'destroyed'];https://i.postimg.cc/VLV92mk5/433.png
7861;RU;['the Soviet Union'];Artillery Support Vehicles And Equipment;1V15M fire control and observation vehicle;2;1;['destroyed'];https://i.postimg.cc/6pHdsDmg/13.png;_5f719713f5a46c487e9d;_61f12f79a63d27be486c;7861;RU;['the Soviet Union'];Artillery Support Vehicles And Equipment;V15M fire control and observation vehicle;21;1;['destroyed'];https://i.postimg.cc/6pHdsDmg/13.png
7862;RU;['the Soviet Union'];Artillery Support Vehicles And Equipment;1V15M fire control and observation vehicle;2;2;['destroyed'];https://twitter.com/RALee85/status/1636829669960867840;_df83ea84d6205c1b9fb0;_e6000dc5893e1962918f;7862;RU;['the Soviet Union'];Artillery Support Vehicles And Equipment;V15M fire control and observation vehicle;21;2;['destroyed'];https://twitter.com/RALee85/status/1636829669960867840
7863;RU;['the Soviet Union'];Artillery Support Vehicles And Equipment;1V16battalion fire direction vehicle;1;1;['captured'];https://i.postimg.cc/k4wxmzP1/1005-1-V16-battalion-fire-direction-centre-capt.jpg;_63c72ea75ac65a57f11b;_8439f25a51b41ebb18e2;7863;RU;['the Soviet Union'];Artillery Support Vehicles And Equipment;V16battalion fire direction vehicle;11;1;['captured'];https://i.postimg.cc/k4wxmzP1/1005-1-V16-battalion-fire-direction-centre-capt.jpg
7864;RU;['the Soviet Union'];Artillery Support Vehicles And Equipment;1V18 'Klyon-1' artillery command and forward observer vehicle;2;1;['destroyed'];https://i.postimg.cc/15WZCcXV/2022-06-04-1-V18.jpg;_264c08e83c08b22f8026;_f52894023b46fc7c701a;7864;RU;['the Soviet Union'];Artillery Support Vehicles And Equipment;V18 'Klyon-1' artillery command and forward observer vehicle;21;1;['destroyed'];https://i.postimg.cc/15WZCcXV/2022-06-04-1-V18.jpg
7865;RU;['the Soviet Union'];Artillery Support Vehicles And Equipment;1V18 'Klyon-1' artillery command and forward observer vehicle;2;2;['destroyed'];https://i.postimg.cc/MpQBSTcQ/1012-1-V18-Klyon-1-destr-15-08-22.jpg;_49831552fc095388ad23;_ae05816ed8fdc78a1b9c;7865;RU;['the Soviet Union'];Artillery Support Vehicles And Equipment;V18 'Klyon-1' artillery command and forward observer vehicle;21;2;['destroyed'];https://i.postimg.cc/MpQBSTcQ/1012-1-V18-Klyon-1-destr-15-08-22.jpg
7877;RU;['Russia'];Artillery Support Vehicles And Equipment;1V1003 command and observation vehicle (for 1V198 artillery fire control system);1;1;['captured'];https://twitter.com/UAWeapons/status/1571945145846710274;_0572b8ffdb331e54d328;_7199904ecfe80cd407e2;7877;RU;['Russia'];Artillery Support Vehicles And Equipment;V1003 command and observation vehicle (for 1V198 artillery fire control system);11;1;['captured'];https://twitter.com/UAWeapons/status/1571945145846710274
9327;RU;['Russia'];Surface-To-Air Missile Systems ;9K331MDT TLAR Tor-M2DT;2;1;['destroyed'];https://twitter.com/RALee85/status/1620884628130398209;_e790783cffa340b6377c;_b2979311470d92cb49a9;9327;RU;['Russia'];Surface-To-Air Missile Systems ;K331MDT TLAR Tor-M2DT;29;1;['destroyed'];https://twitter.com/RALee85/status/1620884628130398209
9328;RU;['Russia'];Surface-To-Air Missile Systems ;9K331MDT TLAR Tor-M2DT;2;2;['destroyed'];https://twitter.com/UAWeapons/status/1621559306045849600;_46ff26497d1b2d5e5af1;_1db56e271c607c91afd4;9328;RU;['Russia'];Surface-To-Air Missile Systems ;K331MDT TLAR Tor-M2DT;29;2;['destroyed'];https://twitter.com/UAWeapons/status/1621559306045849600
9368;RU;['Russia'];Radars ;9S18 Kupol (for Buk-M1-2/M2);2;1;['destroyed'];https://i.postimg.cc/4N2GVcss/1035-9-S18-Tube-Arm-radar-variant-for-the-Buk-missile-system-destr-12-05-23.jpg;_17f38fa4894ec2a29d35;_17f38fa4894ec2a29d35;9368;RU;['Russia'];Radars ;9S18 Kupol (for Buk-M1-2/M2);19;1;['destroyed'];https://i.postimg.cc/4N2GVcss/1035-9-S18-Tube-Arm-radar-variant-for-the-Buk-missile-system-destr-12-05-23.jpg
9369;RU;['Russia'];Radars ;9S18 Kupol (for Buk-M1-2/M2);2;2;['destroyed'];https://twitter.com/UAWeapons/status/1591751621360377856;_f87b4e3b6e4141257513;_f87b4e3b6e4141257513;9369;RU;['Russia'];Radars ;9S18 Kupol (for Buk-M1-2/M2);19;2;['destroyed'];https://twitter.com/UAWeapons/status/1591751621360377856
9370;RU;['Russia'];Radars ;9S18M1(-2) (for Buk-M2);1;1;['captured'];https://i.postimg.cc/qMVp7ZP5/579.jpg;_a39252c6d07648851dd2;_a39252c6d07648851dd2;9370;RU;['Russia'];Radars ;9S18M1(-2) (for Buk-M2);19;1;['captured'];https://i.postimg.cc/qMVp7ZP5/579.jpg
9371;RU;['Russia'];Radars ;9S18M1(-3) (for Buk-M3);1;1;['destroyed'];https://i.postimg.cc/1R8dSsf4/54fd.png;_4081a0ffae59b07e9837;_4081a0ffae59b07e9837;9371;RU;['Russia'];Radars ;9S18M1(-3) (for Buk-M3);19;1;['destroyed'];https://i.postimg.cc/1R8dSsf4/54fd.png
9373;RU;['Russia'];Radars ;9S32M1 (forS-300V);1;1;['damaged'];https://twitter.com/UAWeapons/status/1691491187985723402;_ad6183cb1281eb9fde62;_2e0f296dcac817bd9b08;9373;RU;['Russia'];Radars ;S32M1 (forS-300V);19;1;['damaged'];https://twitter.com/UAWeapons/status/1691491187985723402
9374;RU;['Russia'];Radars ;9S19M2 (for S-300V);1;1;['damaged'];https://twitter.com/UAWeapons/status/1691491187985723402;_250bf6c331ce33da81fa;_98f58f5fb8d0c9f951d4;9374;RU;['Russia'];Radars ;S19M2 (for S-300V);19;1;['damaged'];https://twitter.com/UAWeapons/status/1691491187985723402
9375;RU;['the Soviet Union'];Radars ;"5N63S ""Flap Lid B"" engagement and tracking radar of the S-300";1;1;['destroyed'];https://twitter.com/NOELreports/status/1720472217308270825;_be7f04fc11e0df3468dc;_be7f04fc11e0df3468dc;9375;RU;['the Soviet Union'];Radars ;"5N63S ""Flap Lid B"" engagement and tracking radar of the S-300";15;1;['destroyed'];https://twitter.com/NOELreports/status/1720472217308270825
9376;RU;['Russia'];Radars ;92N6A (for S-400);1;1;['destroyed'];https://twitter.com/UAWeapons/status/1678509667603869697;_0fe73694906e829b895f;_b2938d8064ebf74eea89;9376;RU;['Russia'];Radars ;N6A (for S-400);192;1;['destroyed'];https://twitter.com/UAWeapons/status/1678509667603869697
9391;RU;['Russia'];Radars ;1L259(for Zoopark-1 counter-battery radar complex);4;1;['destroyed'];https://twitter.com/UAWeapons/status/1669385869780811777;_0b05514f4b102a0b5e4a;_e61ac2525ffaa47712da;9391;RU;['Russia'];Radars ;L259(for Zoopark-1 counter-battery radar complex);41;1;['destroyed'];https://twitter.com/UAWeapons/status/1669385869780811777
9392;RU;['Russia'];Radars ;1L259(for Zoopark-1 counter-battery radar complex);4;2;['destroyed'];https://twitter.com/UAWeapons/status/1677967714193735680;_d74cbddf650e7d7a4c23;_4fb5ace38f9f86458cf3;9392;RU;['Russia'];Radars ;L259(for Zoopark-1 counter-battery radar complex);41;2;['destroyed'];https://twitter.com/UAWeapons/status/1677967714193735680
9393;RU;['Russia'];Radars ;1L259(for Zoopark-1 counter-battery radar complex);4;1;['damaged'];https://twitter.com/bayraktar_1love/status/1720367512884273594;_ff07b158b87b4438343f;_84b0312da298617753b9;9393;RU;['Russia'];Radars ;L259(for Zoopark-1 counter-battery radar complex);41;1;['damaged'];https://twitter.com/bayraktar_1love/status/1720367512884273594
9394;RU;['Russia'];Radars ;1L259(for Zoopark-1 counter-battery radar complex);4;2;['damaged'];https://twitter.com/bayraktar_1love/status/1720367512884273594;_b71db2f56e61e51b8c7c;_d9fdb3af17aaa9c165c8;9394;RU;['Russia'];Radars ;L259(for Zoopark-1 counter-battery radar complex);41;2;['damaged'];https://twitter.com/bayraktar_1love/status/1720367512884273594
9409;RU;['Russia'];Radars ;48Ya6-K1 Podlet-K1 low-altitude S-band surveillance radar;3;1;['destroyed'];https://twitter.com/UAWeapons/status/1549458529752432641;_f0d2b7f15f1e767c4be4;_058db2d2ed7aa638f8d7;9409;RU;['Russia'];Radars ;Ya6-K1 Podlet-K1 low-altitude S-band surveillance radar;348;1;['destroyed'];https://twitter.com/UAWeapons/status/1549458529752432641
9410;RU;['Russia'];Radars ;48Ya6-K1 Podlet-K1 low-altitude S-band surveillance radar;3;2;['destroyed'];https://twitter.com/UAWeapons/status/1591876056960598023;_8f759d056f02b65cfee0;_0e002748bfc9484ef391;9410;RU;['Russia'];Radars ;Ya6-K1 Podlet-K1 low-altitude S-band surveillance radar;348;2;['destroyed'];https://twitter.com/UAWeapons/status/1591876056960598023
9411;RU;['Russia'];Radars ;48Ya6-K1 Podlet-K1 low-altitude S-band surveillance radar;3;3;['destroyed'];https://i.postimg.cc/GhRPpCcW/1012-Podlet-K1-destr-01-11-23.jpg;_7903c3604cd5f03b9556;_646d511887fa1ea61e1b;9411;RU;['Russia'];Radars ;Ya6-K1 Podlet-K1 low-altitude S-band surveillance radar;348;3;['destroyed'];https://i.postimg.cc/GhRPpCcW/1012-Podlet-K1-destr-01-11-23.jpg
9413;RU;['Russia'];Radars ;55Zh6U Nebo-U air surveillance radar;1;1;['damaged'];https://i.postimg.cc/65BWYp01/1040-55-Zh6-U-Nebo-U-air-surveillance-radar-dam-30-09-23.jpg;_09225cab873f1faf1386;_e4479fa4ed7e04ecf234;9413;RU;['Russia'];Radars ;Zh6U Nebo-U air surveillance radar;155;1;['damaged'];https://i.postimg.cc/65BWYp01/1040-55-Zh6-U-Nebo-U-air-surveillance-radar-dam-30-09-23.jpg
9414;RU;['the Soviet Union'];Radars ;1RL239 Ark-1(M) counter-battery radar;1;1;['destroyed'];https://i.postimg.cc/bNNP4dmV/1023-1-RL239-Ark-1-M-destr-24-02-23.jpg;_e53c2be8d2f92ad0e4e7;_2fa451feaf18e55ad555;9414;RU;['the Soviet Union'];Radars ;RL239 Ark-1(M) counter-battery radar;11;1;['destroyed'];https://i.postimg.cc/bNNP4dmV/1023-1-RL239-Ark-1-M-destr-24-02-23.jpg
9418;RU;['Russia'];Jammers And Deception Systems ;325BMV jamming station;1;1;['destroyed'];https://i.postimg.cc/WtLsPY0r/1033-R-325-UMV-destr-11-07-23.jpg;_45017490d715ff615f9a;_5a03aa00c2c3340da467;9418;RU;['Russia'];Jammers And Deception Systems ;BMVjamming station;325;1;['destroyed'];https://i.postimg.cc/WtLsPY0r/1033-R-325-UMV-destr-11-07-23.jpg
10130;RU;['Russia'];Trucks, Vehicles, and Jeeps;2F77M transloading vehicle for 2K22M Tunguska-M;1;1;['damaged', 'captured'];https://i.postimg.cc/K8YgCmdK/1020-2-F77-M-transloading-vehicle-for-2-K22-M-Tunguska-M-dam-capt.jpg;_82656761d5ad9d0f13ab;_3f3af7547ab0d4e2d068;10130;RU;['Russia'];Trucks, Vehicles, and Jeeps;F77M transloading vehicle for 2K22M Tunguska-M;12;1;['damaged', 'captured'];https://i.postimg.cc/K8YgCmdK/1020-2-F77-M-transloading-vehicle-for-2-K22-M-Tunguska-M-dam-capt.jpg
15751;UA;['the Soviet Union'];Command Posts And Communications Stations ;9S470M1 command vehicle for Buk-M1;1;1;['destroyed'];https://i.postimg.cc/T1hBr4L8/2002-9-S470-M1-destr.jpg;_2af4992ddf0bb4c6d3ff;_f61d48317b9930b413d7;15751;UA;['the Soviet Union'];Command Posts And Communications Stations ;S470M1 command vehicle for Buk-M1;19;1;['destroyed'];https://i.postimg.cc/T1hBr4L8/2002-9-S470-M1-destr.jpg
15930;UA;['the Soviet Union'];Towed Artillery;130mm M-46 field gun;1;1;['damaged'];https://i.postimg.cc/4yg8RSrK/2003-130mm-m46-dam-21-02-23.jpg;_9c8877717b2295515742;_96404de16a50040d5be5;15930;UA;['the Soviet Union'];Towed Artillery;mm M-46 field gun;1130;1;['damaged'];https://i.postimg.cc/4yg8RSrK/2003-130mm-m46-dam-21-02-23.jpg
16276;UA;['Slovakia'];Self-Propelled Artillery;155mm ShKH Zuzana 2;1;1;['destroyed'];https://twitter.com/UAWeapons/status/1592188538329890816;_4e9f7b20761140ef5ca8;_80c37eaf33bed0b724e5;16276;UA;['Slovakia'];Self-Propelled Artillery;mm ShKH Zuzana 2;1155;1;['destroyed'];https://twitter.com/UAWeapons/status/1592188538329890816
16277;UA;['France'];Self-Propelled Artillery;155mm Caesar 6x6;4;1;['destroyed'];https://twitter.com/UAWeapons/status/1672339498775052289;_307eda7d835f7b5c26f3;_8480b6e5b3e9ab4f08fe;16277;UA;['France'];Self-Propelled Artillery;mm Caesar 6x6;4155;1;['destroyed'];https://twitter.com/UAWeapons/status/1672339498775052289
16278;UA;['France'];Self-Propelled Artillery;155mm Caesar 6x6;4;2;['destroyed'];https://twitter.com/UAWeapons/status/1695505360570707969;_df466dd189372415473e;_ca854db0731ad2444ee1;16278;UA;['France'];Self-Propelled Artillery;mm Caesar 6x6;4155;2;['destroyed'];https://twitter.com/UAWeapons/status/1695505360570707969
16279;UA;['France'];Self-Propelled Artillery;155mm Caesar 6x6;4;1;['damaged'];https://twitter.com/UAWeapons/status/1592844029452247040;_b80b4bd31fdaba5c21c7;_a3bf84029d8055e57f12;16279;UA;['France'];Self-Propelled Artillery;mm Caesar 6x6;4155;1;['damaged'];https://twitter.com/UAWeapons/status/1592844029452247040
16280;UA;['France'];Self-Propelled Artillery;155mm Caesar 6x6;4;2;['damaged'];https://i.postimg.cc/vB6QZ9G7/2017-caesar-dam-04-05-23.jpg;_f964a985d0252f3e3c2e;_3b2be542d329b9be2eb6;16280;UA;['France'];Self-Propelled Artillery;mm Caesar 6x6;4155;2;['damaged'];https://i.postimg.cc/vB6QZ9G7/2017-caesar-dam-04-05-23.jpg
16282;UA;['Germany'];Self-Propelled Artillery;155mm Panzerhaubitze 2000;1;1;['damaged'];https://twitter.com/UAWeapons/status/1596599767672520704;_e48bde6eb4474bef77d4;_294df313be5da52e5413;16282;UA;['Germany'];Self-Propelled Artillery;mm Panzerhaubitze 2000;1155;1;['damaged'];https://twitter.com/UAWeapons/status/1596599767672520704
16283;UA;['the Czech Republic'];Self-Propelled Artillery;152mm ShKH vz. 77 DANA;2;1;['damaged'];https://i.postimg.cc/L861xKhJ/2000-dana-spg-dam-11-02-23.jpg;_2f7699f15a55e6474bc3;_58f593d0baf728e14150;16283;UA;['the Czech Republic'];Self-Propelled Artillery;mm ShKH vz. 77 DANA;2152;1;['damaged'];https://i.postimg.cc/L861xKhJ/2000-dana-spg-dam-11-02-23.jpg
16284;UA;['the Czech Republic'];Self-Propelled Artillery;152mm ShKH vz. 77 DANA;2;2;['damaged'];https://i.postimg.cc/JhKC7C0d/2019-152mm-Sh-KH-vz-77-DANA-dam-25-10-23.jpg;_66e4905e059afc7083d6;_fff6c847685d387392b1;16284;UA;['the Czech Republic'];Self-Propelled Artillery;mm ShKH vz. 77 DANA;2152;2;['damaged'];https://i.postimg.cc/JhKC7C0d/2019-152mm-Sh-KH-vz-77-DANA-dam-25-10-23.jpg
16302;UA;['Ukraine'];Multiple Rocket Launchers;80mm B-8 makeshift MRL;1;1;['destroyed'];https://i.postimg.cc/4ycRshgj/2001-80mm-S-8-MLR-destr.jpg;_9f1ef16db75487b7db23;_283a74c0eb5d59d0a130;16302;UA;['Ukraine'];Multiple Rocket Launchers;mm B-8 makeshift MRL;180;1;['destroyed'];https://i.postimg.cc/4ycRshgj/2001-80mm-S-8-MLR-destr.jpg
16348;UA;['the Czech Republic'];Multiple Rocket Launchers;122mm RM-70;3;1;['destroyed'];https://twitter.com/UAWeapons/status/1637010111414632448;_367200c3ede53866a34e;_2a2d1858fbc8d2477666;16348;UA;['the Czech Republic'];Multiple Rocket Launchers;mm RM-70;3122;1;['destroyed'];https://twitter.com/UAWeapons/status/1637010111414632448
16349;UA;['the Czech Republic'];Multiple Rocket Launchers;122mm RM-70;3;2;['destroyed'];https://i.postimg.cc/dQy8LczN/2010-122mm-RM-70-destr-20-07-23.jpg;_8eb03defecd44b30a9f5;_eaa19d026e7005d51b37;16349;UA;['the Czech Republic'];Multiple Rocket Launchers;mm RM-70;3122;2;['destroyed'];https://i.postimg.cc/dQy8LczN/2010-122mm-RM-70-destr-20-07-23.jpg
16350;UA;['the Czech Republic'];Multiple Rocket Launchers;122mm RM-70;3;1;['damaged'];https://i.postimg.cc/1tfP31Rj/2000-rm70-dam-10-01-23.jpg;_c0764026987617a78ca1;_2f6903d7b5ea1a52da14;16350;UA;['the Czech Republic'];Multiple Rocket Launchers;mm RM-70;3122;1;['damaged'];https://i.postimg.cc/1tfP31Rj/2000-rm70-dam-10-01-23.jpg
16505;UA;['Ukraine'];Radars And Communications Equipment;79K6 'Pelikan' 3D surveillance radar;1;1;['destroyed'];https://i.postimg.cc/TYvPhkLK/2011-79-K6-Pelikan-3-D-surveillance-radar-destr-02-04-23.jpg;_0cd7e7e9440d412447fe;_600d05bed4dfe9408bb4;16505;UA;['Ukraine'];Radars And Communications Equipment;K6 'Pelikan' 3D surveillance radar;179;1;['destroyed'];https://i.postimg.cc/TYvPhkLK/2011-79-K6-Pelikan-3-D-surveillance-radar-destr-02-04-23.jpg
16547;UA;['the Soviet Union'];Radars And Communications Equipment;5N66M 'Clam Shell' on 40V6M mast (for S-300PT);3;1;['destroyed'];https://i.postimg.cc/rmCdwFbg/2044-5-N66-M-Clam-Shell-on-40-V6-M-mast-for-S-300-PT-destr-24-02-22.jpg;_f3bb40ec454d49804c3c;_7df1857bebe261d7e376;16547;UA;['the Soviet Union'];Radars And Communications Equipment;N66M 'Clam Shell' on 40V6M mast (for S-300PT);35;1;['destroyed'];https://i.postimg.cc/rmCdwFbg/2044-5-N66-M-Clam-Shell-on-40-V6-M-mast-for-S-300-PT-destr-24-02-22.jpg
16548;UA;['the Soviet Union'];Radars And Communications Equipment;5N66M 'Clam Shell' on 40V6M mast (for S-300PT);3;1;['abandoned'];https://i.postimg.cc/gJ5dSnjH/1013-5-N66-M-Clam-Shell-on-40-V6-M-mast-for-S-300-PT-aband-24-02-22.jpg;_11d4295c534e551c2d4e;_d5a28fdb68e29a12c8c6;16548;UA;['the Soviet Union'];Radars And Communications Equipment;N66M 'Clam Shell' on 40V6M mast (for S-300PT);35;1;['abandoned'];https://i.postimg.cc/gJ5dSnjH/1013-5-N66-M-Clam-Shell-on-40-V6-M-mast-for-S-300-PT-aband-24-02-22.jpg
16549;UA;['the Soviet Union'];Radars And Communications Equipment;5N66M 'Clam Shell' on 40V6M mast (for S-300PT);3;1;['captured'];https://i.postimg.cc/yd3VHh08/564.jpg;_6447e083f27748b669f5;_ead775dda8f26de1b250;16549;UA;['the Soviet Union'];Radars And Communications Equipment;N66M 'Clam Shell' on 40V6M mast (for S-300PT);35;1;['captured'];https://i.postimg.cc/yd3VHh08/564.jpg
9033;RU;['Russia'];Multiple Rocket Launchers ;122mm 2B26 Grad-K;4;1;['destroyed'];https://i.postimg.cc/MHhd0QYm/1009-grad-k-destr-17-02-23.jpg;_13d5e3849668c5228120;_13d5e3849668c5228120;9033;RU;['Russia'];Multiple Rocket Launchers ;122mm 2B26 Grad-K;4;1;['destroyed'];https://i.postimg.cc/MHhd0QYm/1009-grad-k-destr-17-02-23.jpg
9034;RU;['Russia'];Multiple Rocket Launchers ;122mm 2B26 Grad-K;4;2;['destroyed'];https://twitter.com/UAWeapons/status/1676959138709131265;_00abbf4e33bdfba02d36;_00abbf4e33bdfba02d36;9034;RU;['Russia'];Multiple Rocket Launchers ;122mm 2B26 Grad-K;4;2;['destroyed'];https://twitter.com/UAWeapons/status/1676959138709131265
9035;RU;['Russia'];Multiple Rocket Launchers ;122mm 2B26 Grad-K;4;3;['destroyed'];https://twitter.com/UAWeapons/status/1706309334945198167;_ae50c6513c2906270301;_ae50c6513c2906270301;9035;RU;['Russia'];Multiple Rocket Launchers ;122mm 2B26 Grad-K;4;3;['destroyed'];https://twitter.com/UAWeapons/status/1706309334945198167
9036;RU;['Russia'];Multiple Rocket Launchers ;122mm 2B26 Grad-K;4;1;['damaged'];https://i.postimg.cc/NMcCvL2r/1001-2-B26-Grad-K-dam-30-04-23.jpg;_1bee3e9b1bf694f4a981;_1bee3e9b1bf694f4a981;9036;RU;['Russia'];Multiple Rocket Launchers ;122mm 2B26 Grad-K;4;1;['damaged'];https://i.postimg.cc/NMcCvL2r/1001-2-B26-Grad-K-dam-30-04-23.jpg
9037;RU;['Russia'];Multiple Rocket Launchers ;122mm 2B17 Tornado-G;19;1;['destroyed'];https://i.postimg.cc/fbsfnMYf/bb3.jpg;_86ea758e6f382c6475f5;_3fab3d8026359f416709;9037;RU;['Russia'];Multiple Rocket Launchers ;122mm 2B17 Tornado-G;4;1;['destroyed'];https://i.postimg.cc/fbsfnMYf/bb3.jpg
9038;RU;['Russia'];Multiple Rocket Launchers ;122mm 2B17 Tornado-G;19;2;['destroyed'];https://i.postimg.cc/QCX5wrz5/54.jpg;_1f37d88c6a1c5f25368c;_fdc161658c51d1804343;9038;RU;['Russia'];Multiple Rocket Launchers ;122mm 2B17 Tornado-G;4;2;['destroyed'];https://i.postimg.cc/QCX5wrz5/54.jpg
9039;RU;['Russia'];Multiple Rocket Launchers ;122mm 2B17 Tornado-G;19;3;['destroyed'];https://i.postimg.cc/brqkfSBj/4311.png;_6231f58eebe3820b77ed;_6cb36891a770e6b9537d;9039;RU;['Russia'];Multiple Rocket Launchers ;122mm 2B17 Tornado-G;4;3;['destroyed'];https://i.postimg.cc/brqkfSBj/4311.png
9040;RU;['Russia'];Multiple Rocket Launchers ;122mm 2B17 Tornado-G;19;4;['destroyed'];https://i.postimg.cc/QdD7jsxs/1013-Tornado-G-destr.jpg;_dd04c79b5bec2a82f148;_b6d5e48f99e0d4268926;9040;RU;['Russia'];Multiple Rocket Launchers ;122mm 2B17 Tornado-G;4;4;['destroyed'];https://i.postimg.cc/QdD7jsxs/1013-Tornado-G-destr.jpg
9041;RU;['Russia'];Multiple Rocket Launchers ;122mm 2B17 Tornado-G;19;5;['destroyed'];https://i.postimg.cc/7ZPjLvy9/1010-bm21-grad-destr.jpg;_fbae63f44f636e5d4bd2;_461047b168d3ca623811;9041;RU;['Russia'];Multiple Rocket Launchers ;122mm 2B17 Tornado-G;4;5;['destroyed'];https://i.postimg.cc/7ZPjLvy9/1010-bm21-grad-destr.jpg
9042;RU;['Russia'];Multiple Rocket Launchers ;122mm 2B17 Tornado-G;19;6;['destroyed'];https://twitter.com/UAWeapons/status/1656923803677499393;_cf0ff97db87bfca16c9e;_fdb303bfc9413c25a229;9042;RU;['Russia'];Multiple Rocket Launchers ;122mm 2B17 Tornado-G;4;6;['destroyed'];https://twitter.com/UAWeapons/status/1656923803677499393
9043;RU;['Russia'];Multiple Rocket Launchers ;122mm 2B17 Tornado-G;19;7;['destroyed'];https://i.postimg.cc/vmkTRrDF/1004-Tornado-G-destr-xx-xx-22.jpg;_4d3bd167a2de48a83a70;_ed9e83bca3bc2316e554;9043;RU;['Russia'];Multiple Rocket Launchers ;122mm 2B17 Tornado-G;4;7;['destroyed'];https://i.postimg.cc/vmkTRrDF/1004-Tornado-G-destr-xx-xx-22.jpg
9044;RU;['Russia'];Multiple Rocket Launchers ;122mm 2B17 Tornado-G;19;8;['destroyed'];https://i.postimg.cc/WbvzRdtT/1031-tornado-g-destr-31-12-22.jpg;_26f44a5c104c5a6d7fd8;_e49c88cfaa555f4484fb;9044;RU;['Russia'];Multiple Rocket Launchers ;122mm 2B17 Tornado-G;4;8;['destroyed'];https://i.postimg.cc/WbvzRdtT/1031-tornado-g-destr-31-12-22.jpg
9045;RU;['Russia'];Multiple Rocket Launchers ;122mm 2B17 Tornado-G;19;9;['destroyed'];https://i.postimg.cc/6QPdRDZh/3279.png;_b6a8a4d73658db54d276;_508e50587b85193b9a40;9045;RU;['Russia'];Multiple Rocket Launchers ;122mm 2B17 Tornado-G;4;9;['destroyed'];https://i.postimg.cc/6QPdRDZh/3279.png
9046;RU;['Russia'];Multiple Rocket Launchers ;122mm 2B17 Tornado-G;19;1;['damaged'];https://i.postimg.cc/RCcF8nBy/1015-Tornado-G-dam-03-07-23.jpg;_df167d462faf850d4fbe;_eef582b246e6b9bcb270;9046;RU;['Russia'];Multiple Rocket Launchers ;122mm 2B17 Tornado-G;4;1;['damaged'];https://i.postimg.cc/RCcF8nBy/1015-Tornado-G-dam-03-07-23.jpg
9047;RU;['Russia'];Multiple Rocket Launchers ;122mm 2B17 Tornado-G;19;2;['damaged'];https://i.postimg.cc/bN1xJrDj/1038-Tornado-G-dam-14-10-23.jpg;_e72f319c26e2b9c65fcf;_c872e91d48a8782d9029;9047;RU;['Russia'];Multiple Rocket Launchers ;122mm 2B17 Tornado-G;4;2;['damaged'];https://i.postimg.cc/bN1xJrDj/1038-Tornado-G-dam-14-10-23.jpg
9048;RU;['Russia'];Multiple Rocket Launchers ;122mm 2B17 Tornado-G;19;1;['captured'];https://i.postimg.cc/HxCqbSVV/38.png;_d20dc5ad469ed0443dda;_6e942de30a33566044cc;9048;RU;['Russia'];Multiple Rocket Launchers ;122mm 2B17 Tornado-G;4;1;['captured'];https://i.postimg.cc/HxCqbSVV/38.png
9049;RU;['Russia'];Multiple Rocket Launchers ;122mm 2B17 Tornado-G;19;2;['captured'];https://i.postimg.cc/nhS7s5SG/76.jpg;_5cc435fb061d2f34ccee;_e593b57b8d09422b99bf;9049;RU;['Russia'];Multiple Rocket Launchers ;122mm 2B17 Tornado-G;4;2;['captured'];https://i.postimg.cc/nhS7s5SG/76.jpg
9050;RU;['Russia'];Multiple Rocket Launchers ;122mm 2B17 Tornado-G;19;3;['captured'];https://i.postimg.cc/GpHTZxy2/1098-grad.png;_7587d7b65760dff97a2e;_20e13f7a14ac87779882;9050;RU;['Russia'];Multiple Rocket Launchers ;122mm 2B17 Tornado-G;4;3;['captured'];https://i.postimg.cc/GpHTZxy2/1098-grad.png
9051;RU;['Russia'];Multiple Rocket Launchers ;122mm 2B17 Tornado-G;19;4;['captured'];https://twitter.com/UAWeapons/status/1568899249688952833;_2c50e2f3fb51cf300ffc;_7e56107a93794b230550;9051;RU;['Russia'];Multiple Rocket Launchers ;122mm 2B17 Tornado-G;4;4;['captured'];https://twitter.com/UAWeapons/status/1568899249688952833
9052;RU;['Russia'];Multiple Rocket Launchers ;122mm 2B17 Tornado-G;19;5;['captured'];https://twitter.com/UAWeapons/status/1569347140035518466;_52f492ce4447c56ac15b;_aff7312ec14070460adf;9052;RU;['Russia'];Multiple Rocket Launchers ;122mm 2B17 Tornado-G;4;5;['captured'];https://twitter.com/UAWeapons/status/1569347140035518466
9053;RU;['Russia'];Multiple Rocket Launchers ;122mm 2B17 Tornado-G;19;6;['captured'];https://i.postimg.cc/NfSf99dr/1012-Tornado-G-destr.jpg;_e0cb3292800c55235aac;_e2009d734ad02260df2d;9053;RU;['Russia'];Multiple Rocket Launchers ;122mm 2B17 Tornado-G;4;6;['captured'];https://i.postimg.cc/NfSf99dr/1012-Tornado-G-destr.jpg
9054;RU;['Russia'];Multiple Rocket Launchers ;122mm 2B17 Tornado-G;19;7;['damaged', 'captured'];https://i.postimg.cc/KvhG6nKh/1003-bm21-grad-dam-capt.jpg;_5f75aa0b9eb0076d967a;_a645652205f901449965;9054;RU;['Russia'];Multiple Rocket Launchers ;122mm 2B17 Tornado-G;4;7;['damaged', 'captured'];https://i.postimg.cc/KvhG6nKh/1003-bm21-grad-dam-capt.jpg
9055;RU;['Russia'];Multiple Rocket Launchers ;122mm 2B17 Tornado-G;19;8;['damaged', 'captured'];https://i.postimg.cc/y85J3WwK/234.jpg;_b85655c4e885847d4e5a;_7288ef07d9741378d1c1;9055;RU;['Russia'];Multiple Rocket Launchers ;122mm 2B17 Tornado-G;4;8;['damaged', 'captured'];https://i.postimg.cc/y85J3WwK/234.jpg
201;RU;['Russia'];Multiple Rocket Launchers ;220mm TOS-1A;12;1;['destroyed'];https://twitter.com/UAWeapons/status/1569229459240230914;_51d9f711b80859bb0a31;_ff37ad395408a10adb0a;201;RU;['Russia'];Multiple Rocket Launchers ;220mm TOS-1A;12;1;['destroyed'];https://twitter.com/UAWeapons/status/1569229459240230914
202;RU;['Russia'];Multiple Rocket Launchers ;220mm TOS-1A;12;2;['destroyed'];https://twitter.com/UAWeapons/status/1667240959396945944;_5c0b1aba42bc9deebdab;_950b7c5f52aae9c63a5f;202;RU;['Russia'];Multiple Rocket Launchers ;220mm TOS-1A;12;2;['destroyed'];https://twitter.com/UAWeapons/status/1667240959396945944
203;RU;['Russia'];Multiple Rocket Launchers ;220mm TOS-1A;12;3;['destroyed'];https://twitter.com/UAWeapons/status/1684474103544049666;_e5c0b1a185dfd2617c56;_b465cfb507e33c3e35c1;203;RU;['Russia'];Multiple Rocket Launchers ;220mm TOS-1A;12;3;['destroyed'];https://twitter.com/UAWeapons/status/1684474103544049666
204;RU;['Russia'];Multiple Rocket Launchers ;220mm TOS-1A;12;4;['destroyed'];https://twitter.com/UAWeapons/status/1698077451736216005;_76115a4ca72ce38290bc;_d1f66dc1d5fc64f88144;204;RU;['Russia'];Multiple Rocket Launchers ;220mm TOS-1A;12;4;['destroyed'];https://twitter.com/UAWeapons/status/1698077451736216005
205;RU;['Russia'];Multiple Rocket Launchers ;220mm TOS-1A;12;5;['destroyed'];https://twitter.com/UAWeapons/status/1710599465147445640;_c1d88c687f3159e7d1ed;_9ae0ea62b41ea474b60f;205;RU;['Russia'];Multiple Rocket Launchers ;220mm TOS-1A;12;5;['destroyed'];https://twitter.com/UAWeapons/status/1710599465147445640
206;RU;['Russia'];Multiple Rocket Launchers ;220mm TOS-1A;12;6;['destroyed'];https://twitter.com/UAWeapons/status/1712833240283627642;_d7e83d1967f216618190;_63af91e11c16c704e743;206;RU;['Russia'];Multiple Rocket Launchers ;220mm TOS-1A;12;6;['destroyed'];https://twitter.com/UAWeapons/status/1712833240283627642
207;RU;['Russia'];Multiple Rocket Launchers ;220mm TOS-1A;12;7;['destroyed'];https://i.postimg.cc/4xtWVf3M/1016-tos1-destr-20-10-23.jpg;_6d68e273f0e819d9c4f3;_a3940d74132fdebcdf12;207;RU;['Russia'];Multiple Rocket Launchers ;220mm TOS-1A;12;7;['destroyed'];https://i.postimg.cc/4xtWVf3M/1016-tos1-destr-20-10-23.jpg
208;RU;['Russia'];Multiple Rocket Launchers ;220mm TOS-1A;12;8;['destroyed'];https://twitter.com/bayraktar_1love/status/1719006047929544826;_b5169d23dc3d9b594d9b;_a2ea8a7be0df55676fd8;208;RU;['Russia'];Multiple Rocket Launchers ;220mm TOS-1A;12;8;['destroyed'];https://twitter.com/bayraktar_1love/status/1719006047929544826
209;RU;['Russia'];Multiple Rocket Launchers ;220mm TOS-1A;12;1;['damaged'];https://twitter.com/UAWeapons/status/1633514509879975941;_eb2ab6c8cf9f839c5d72;_9eb38e4b6ca362536cc0;209;RU;['Russia'];Multiple Rocket Launchers ;220mm TOS-1A;12;1;['damaged'];https://twitter.com/UAWeapons/status/1633514509879975941
210;RU;['Russia'];Multiple Rocket Launchers ;220mm TOS-1A;12;2;['damaged', 'captured'];https://i.postimg.cc/C5BcPB1R/54f.png;_606957919dbe7b412c26;_aa4a3866ee94aca611a9;210;RU;['Russia'];Multiple Rocket Launchers ;220mm TOS-1A;12;2;['damaged', 'captured'];https://i.postimg.cc/C5BcPB1R/54f.png
211;RU;['Russia'];Multiple Rocket Launchers ;220mm TOS-1A;12;3;['captured'];https://i.postimg.cc/dtj7Fs6v/5g5.png;_f8e5eccbe2bed9f449c9;_301f3aac127045f00fa2;211;RU;['Russia'];Multiple Rocket Launchers ;220mm TOS-1A;12;3;['captured'];https://i.postimg.cc/dtj7Fs6v/5g5.png
9142;RU;['Russia'];Multiple Rocket Launchers ;Unknown MRL;2;1;['destroyed'];https://twitter.com/UAWeapons/status/1533131912423800832;_ffb8de7f665ae7117d53;_857bb3c5450da68b63c4;9141;RU;['Russia'];Multiple Rocket Launchers ;300mm BM-30 Smerch;2;1;['destroyed'];https://twitter.com/UAWeapons/status/1533131912423800832
9143;RU;['Russia'];Multiple Rocket Launchers ;Unknown MRL;2;2;['destroyed'];https://i.postimg.cc/XJWFmZM7/1036-unkn-MRLS.jpg;_4393a2d4d2e2c7e36815;_995396251249665dda18;9142;RU;['Russia'];Multiple Rocket Launchers ;300mm BM-30 Smerch;2;2;['destroyed'];https://i.postimg.cc/XJWFmZM7/1036-unkn-MRLS.jpg
12652;RU;['the Soviet Union'];Trucks, Vehicles, and Jeeps;UAZ Patriot jeep;6;1;['destroyed'];https://twitter.com/UAWeapons/status/1512442303100899328;_2384464da1a13c7381a6;_0f84ecf1940df7442348;12651;RU;['Russia'];Trucks, Vehicles, and Jeeps;LuAZ-969;3;2;['destroyed'];https://i.postimg.cc/MHfnmJF9/1000-1x-Ural-4320-1x-GAZ-Patriot-and-1x-UAZ-452.jpg
12653;RU;['Russia'];Trucks, Vehicles, and Jeeps;UAZ Patriot jeep;6;2;['destroyed'];https://i.postimg.cc/MHfnmJF9/1000-1x-Ural-4320-1x-GAZ-Patriot-and-1x-UAZ-452.jpg;_efd810bd795011590b2e;_df21bfbca50c5b91425f;12652;RU;['Russia'];Trucks, Vehicles, and Jeeps;LuAZ-969;3;3;['destroyed'];https://i.postimg.cc/HxBsvLXX/1006-2x-UAZ-Patriot-destr-30-07-22.jpg
12654;RU;['Russia'];Trucks, Vehicles, and Jeeps;UAZ Patriot jeep;6;3;['destroyed'];https://i.postimg.cc/HxBsvLXX/1006-2x-UAZ-Patriot-destr-30-07-22.jpg;_3f87fce74535015f73a5;_82945b8aff287e2f615b;12653;RU;['Russia'];Trucks, Vehicles, and Jeeps;LuAZ-969;3;4;['destroyed'];https://i.postimg.cc/HxBsvLXX/1006-2x-UAZ-Patriot-destr-30-07-22.jpg
12655;RU;['Russia'];Trucks, Vehicles, and Jeeps;UAZ Patriot jeep;6;4;['destroyed'];https://i.postimg.cc/HxBsvLXX/1006-2x-UAZ-Patriot-destr-30-07-22.jpg;_7984c89ae6819f320bf7;_3040b7b8c1358e069cf1;12654;RU;['Russia'];Trucks, Vehicles, and Jeeps;LuAZ-969;3;1;['damaged'];https://i.postimg.cc/CMbZpJKx/1022-UAZ-Patriot-jeep-dam-07-10-23.jpg
12656;RU;['Russia'];Trucks, Vehicles, and Jeeps;UAZ Patriot jeep;6;1;['damaged'];https://i.postimg.cc/CMbZpJKx/1022-UAZ-Patriot-jeep-dam-07-10-23.jpg;_05f66e18677b29f00aa8;_fd2770d5a35c53510934;12655;RU;['Russia'];Trucks, Vehicles, and Jeeps;LuAZ-969;3;1;['captured'];https://i.postimg.cc/HsjyTykV/2022-09-15-UAZ-Patriot.png
12657;RU;['Russia'];Trucks, Vehicles, and Jeeps;UAZ Patriot jeep;6;1;['captured'];https://i.postimg.cc/HsjyTykV/2022-09-15-UAZ-Patriot.png;_c11941c9d8b273cb1cf9;_cc1f9e6001b28d33b0af;12656;RU;['Russia'];Trucks, Vehicles, and Jeeps;UAZ-3151;1;23;['destroyed'];https://i.postimg.cc/zvxNWQTG/69.png
12658;RU;['Russia'];Trucks, Vehicles, and Jeeps;UAZ-3151;1;1;['destroyed'];https://i.postimg.cc/zvxNWQTG/69.png;_fda284a5263b7963f1f7;_4a0ddf11126009526d88;12658;RU;['Russia'];Trucks, Vehicles, and Jeeps;UAZ-31514;1;1;['destroyed'];https://i.postimg.cc/wMFWNrC6/4438.png
12660;RU;['Russia'];Trucks, Vehicles, and Jeeps;UAZ-23631 pickup truck;8;1;['destroyed'];https://i.postimg.cc/wMFWNrC6/4438.png;_01947fbea29cae014dd8;_0317f54630e2100c3e9c;12659;RU;['Russia'];Trucks, Vehicles, and Jeeps;UAZ-31514;1;2;['destroyed'];https://i.postimg.cc/X7pCx7g8/53.png
12661;RU;['Russia'];Trucks, Vehicles, and Jeeps;UAZ-23631 pickup truck;8;2;['destroyed'];https://i.postimg.cc/X7pCx7g8/53.png;_a1665d7c480812ee1f97;_55eea15bce8262720a76;12660;RU;['Russia'];Trucks, Vehicles, and Jeeps;UAZ-31514;1;5;['destroyed'];https://i.postimg.cc/rwyLcFnj/33280.png
12662;RU;['Russia'];Trucks, Vehicles, and Jeeps;UAZ-23631 pickup truck;8;3;['destroyed'];https://i.postimg.cc/ZYH2Jmbm/448.png;_d2d410a9eea579a634f9;_241b39d7b75c8c972e92;12661;RU;['Russia'];Trucks, Vehicles, and Jeeps;UAZ-31514;1;1;['captured'];https://i.postimg.cc/Hk70g9v5/f234.png
12663;RU;['Russia'];Trucks, Vehicles, and Jeeps;UAZ-23631 pickup truck;8;4;['destroyed'];https://i.postimg.cc/BvrQJkqg/1026-UAZ-23632-pickup-truck-destr-26-10-22.jpg;_864d151e4fb86bda1d9a;_5cd9beebd8a89421cc5d;12662;RU;['Russia'];Trucks, Vehicles, and Jeeps;UAZ-31514;1;3;['destroyed'];https://i.postimg.cc/vBQ47tD2/UAZ-23632-148-64.jpg
12664;RU;['Russia'];Trucks, Vehicles, and Jeeps;UAZ-23631 pickup truck;8;5;['destroyed'];https://i.postimg.cc/rwyLcFnj/33280.png;_873df76e934c6a448848;_0b5375b6b753cf1368eb;12663;RU;['Russia'];Trucks, Vehicles, and Jeeps;UAZ-31514;1;4;['destroyed'];https://twitter.com/UAWeapons/status/1591808966002380800
12665;RU;['Russia'];Trucks, Vehicles, and Jeeps;UAZ-23631 pickup truck;8;1;['captured'];https://i.postimg.cc/Hk70g9v5/f234.png;_034783f73505ad0ea578;_c22ba53834b6125adf83;12664;RU;['Russia'];Trucks, Vehicles, and Jeeps;UAZ-31514;1;5;['destroyed'];https://i.postimg.cc/pr9SjJMB/1002-UAZ-23632-148-64-armed-pickup-truck-destr-30-03-22.jpg
12666;RU;['Russia'];Trucks, Vehicles, and Jeeps;UAZ-23631 pickup truck;8;2;['captured'];https://postimg.cc/XrK56zCd;_01495b675b352c9c7a7a;_d9da431748c607e031bd;12665;RU;['Russia'];Trucks, Vehicles, and Jeeps;UAZ-31514;1;6;['destroyed'];https://i.postimg.cc/NLqZLt6B/1038-UAZ-23632-148-64-armed-pickup-truck-destr-01-03-22.jpg
12667;RU;['Russia'];Trucks, Vehicles, and Jeeps;UAZ-23631 pickup truck;8;3;['captured'];https://i.postimg.cc/QCK58qpb/patriot.jpg;_6aea6e1add4631fabadb;_3dd164aec6cf9bdee6e4;12666;RU;['Russia'];Trucks, Vehicles, and Jeeps;UAZ-31514;1;7;['destroyed'];https://i.postimg.cc/ZYH2Jmbm/448.png
12668;RU;['Russia'];Trucks, Vehicles, and Jeeps;UAZ-23632-148-64 armed pickup truck;8;1;['destroyed'];https://twitter.com/UAWeapons/status/1523768935933693953;_6d150fc0ba6355ce8ff7;_db0f368c3162e22bc9cc;12667;RU;['Russia'];Trucks, Vehicles, and Jeeps;UAZ-31514;1;8;['destroyed'];https://i.postimg.cc/X7pCx7g8/53.png
12669;RU;['Russia'];Trucks, Vehicles, and Jeeps;UAZ-23632-148-64 armed pickup truck;8;2;['destroyed'];https://twitter.com/UAWeapons/status/1523768935933693953;_d20c99422a23f689227b;;;;;;;;;;
12670;RU;['Russia'];Trucks, Vehicles, and Jeeps;UAZ-23632-148-64 armed pickup truck;8;3;['destroyed'];https://i.postimg.cc/vBQ47tD2/UAZ-23632-148-64.jpg;_138c408a952a8af66afe;;;;;;;;;;
12671;RU;['Russia'];Trucks, Vehicles, and Jeeps;UAZ-23632-148-64 armed pickup truck;8;4;['destroyed'];https://twitter.com/UAWeapons/status/1591808966002380800;_67257f268c806e5e7e1c;;;;;;;;;;
12672;RU;['Russia'];Trucks, Vehicles, and Jeeps;UAZ-23632-148-64 armed pickup truck;8;5;['destroyed'];https://i.postimg.cc/pr9SjJMB/1002-UAZ-23632-148-64-armed-pickup-truck-destr-30-03-22.jpg;_664059f98deb16b581b4;;;;;;;;;;
12673;RU;['Russia'];Trucks, Vehicles, and Jeeps;UAZ-23632-148-64 armed pickup truck;8;6;['destroyed'];https://i.postimg.cc/NLqZLt6B/1038-UAZ-23632-148-64-armed-pickup-truck-destr-01-03-22.jpg;_cb85a148726c2ce3cd78;;;;;;;;;;
12674;RU;['Russia'];Trucks, Vehicles, and Jeeps;UAZ-23632-148-64 armed pickup truck;8;7;['destroyed'];https://i.postimg.cc/ZYH2Jmbm/448.png;_6cfbcf2ade5e8a064e49;;;;;;;;;;
12675;RU;['Russia'];Trucks, Vehicles, and Jeeps;UAZ-23632-148-64 armed pickup truck;8;8;['destroyed'];https://i.postimg.cc/X7pCx7g8/53.png;_abde600851cc532bd253;;;;;;;;;;
